,Count
Spiegelau,49
spicyness,25
drinksble,1
Drinkability,826
Barleywine,101
fisish,2
becher,8
hoppiness,417
stoutish,7
Drinkabitity,1
gaggingly,1
beerc,1
Narke,1
Popskull,1
Pkgd,2
offwhite,44
Murkbro,1
Smokiness,2
whifs,1
Landbierparadies,2
Viendo,4
Caduca,1
Correcta,1
intensidad,3
exponentes,1
wateriness,7
Lamost,1
undercarbonated,17
resiny,207
clovey,13
booziness,187
deeeppp,1
nonic,100
Citrusy,70
hoppier,56
barleywine,310
breadiness,152
winy,2
presencez,1
dreadnaughts,1
omiyage,1
CRJMellor,4
Rapscallion,6
dankness,114
crackery,122
Ayinger,12
Marzen,33
Drinkabity,2
amberish,16
sippable,7
stickage,8
caramelish,17
sweeetness,1
estery,76
dunkelweizens,3
Billowing,7
Ymmv,1
balanaced,3
witbier,50
hoegaarden,2
pokal,5
sherbety,2
champagney,1
chugalug,1
doppelbock,61
alcoholy,8
puckeringly,10
belgians,13
wheaty,99
farmy,9
drinakability,1
sweettart,3
celebrator,2
dopplebock,17
dopplebocks,6
Blipped,3
quaffer,17
Kviek,2
LampertLand,11
grassiness,89
definitelly,2
litel,1
Bruery,85
Hottenroth,5
zimmerbloke,3
GraniteSkunk,1
TulipSnifter,2
BCBCS,10
carmely,4
Ottauquechee,1
drinkablity,8
identicalO,1
boch,1
dryish,17
mughugger,2
ringwood,1
lambics,34
Handbottle,1
gunhaver,3
drinklability,1
willi,3
aite,2
biegaman,8
bourbony,19
toastedness,1
fluffly,3
tannish,45
Kellerbier,4
tripel,188
spritzy,73
Azacca,11
roatstiness,1
birkinau,1
Cinnsanity,1
Yeasty,46
stonefruit,15
FPBC,1
dubbel,66
soapiness,16
SNPA,17
SNCA,1
Piddly,1
grainyness,6
perfumey,25
witbiers,15
berliner,19
lemonx,1
berliners,2
moderatly,4
sixpoint,2
versitility,1
refresing,1
PKGD,6
demensional,2
Skyroc,1
eqsque,1
fst,1
cachaca,1
Raisiny,2
fizziness,11
JMBH,1
bannana,9
Brewbaker,1
Firemans,1
ligher,1
riversidepark,1
froal,1
withfairly,1
balenced,8
drinkble,1
deisired,1
bretty,20
toastiness,39
Spendrups,1
carbed,26
Leafer,1
cItrusy,1
sudued,2
maltiest,3
IIPAs,14
semisweetness,1
continur,1
AwYeh,1
diminshing,1
hopbitterness,1
mouthsticky,1
mouthfeeling,2
maibocks,3
pilsener,57
saaz,12
storng,1
lupulin,8
nearl,1
Troeg,5
Hopback,4
Begyle,1
kolsch,33
whispy,18
lustrously,1
piny,71
Dayglow,1
tosted,1
adamharbaugh,2
generalness,1
yeastiness,85
Kappitel,3
weizen,80
teku,63
maibock,16
mahagony,14
solventy,2
laceing,8
GLASSWARE,5
rinser,1
Rudgates,1
retronasally,2
Maltiness,11
deucer,1
amagic,1
Caramelly,6
Swigs,2
JBDubs,1
beering,6
tallboys,4
Maibock,18
flemmy,17
unsweet,6
astringencies,3
nectared,1
Sebastion,3
angram,2
handpump,7
butteriness,9
moch,2
dissiptes,2
minuites,1
Tarness,1
Dissipated,4
wattery,3
Smithworks,1
leaviong,1
poreter,1
roastiness,200
caronation,1
johnyb,1
rDev,5
dogbones,1
Oakiness,1
fritiness,1
Fantomish,1
Fantomes,3
Siason,1
sutle,3
tepidness,1
Draak,12
Rastal,6
prounounced,2
gasohol,2
frothiness,28
Spiegleau,1
RJT,22
Rediculously,1
weissbier,6
pinewards,1
Resiny,25
Madtree,2
hoppines,5
Superdamp,1
helles,19
Gkunkle,1
mildy,7
Scaldis,4
vinager,1
dortmunder,3
oktoberfest,23
yeastinsss,1
quaffers,3
kilned,8
schwarzbier,16
Oktoberfestbier,2
tavour,1
Caramalized,1
Optimator,3
Weyerbacher,31
Fruitiness,12
rauchbier,15
hefeweizen,93
schlenkerla,1
ottovon,3
Tartness,15
maltyness,28
Longtrail,1
dubbels,17
bitternes,5
Sunglow,1
forgetable,1
copperish,10
perfumy,31
Schmalt,1
drinkabillity,1
Hoptastic,1
untasted,1
barleywinesh,1
stoopidly,1
Snifter,36
oranged,2
Witbier,16
fruitness,7
oter,1
ontap,2
silkyness,1
skunkiness,8
dissapating,8
maltieness,1
syrupness,1
reminiscient,3
earhty,2
domunant,1
notworthy,1
slicknes,1
defintily,1
bockiness,1
TMBC,1
bocks,17
lessoned,1
Echidnas,1
thinnish,10
lucency,1
ceasar,1
swingtop,4
soso,1
NEIPAs,17
Liqour,2
grapefruity,58
Verging,2
follws,1
aneffect,1
Unibroue,79
almos,1
woudn,1
efervesence,1
hoegarden,1
rochefort,3
maroonish,1
trappists,4
westvleteren,4
galss,1
chared,2
tedpeer,1
andechser,1
wheatiness,16
lagered,8
Decanted,13
Kulmbacher,3
chunckage,1
malteds,1
colden,1
imprssive,1
McDonals,1
quicly,5
Gollem,1
crowler,31
peachiness,5
braggot,3
braggots,2
VineShine,1
mollasses,6
flavinoids,1
Kristalweizen,1
jackhammered,1
abrasively,2
Dissipates,13
Lueken,1
Liquers,1
celler,4
wierdness,1
Wheaty,16
Karmeliet,8
Tripels,19
HopCat,3
Chipotles,1
orangeish,7
definatlly,1
chesnut,5
nicelly,1
mainlly,1
fromhow,1
seesm,1
reallyenjoyed,1
papat,1
Brasseurs,1
Illimites,1
hopiness,15
fulll,1
flintstones,1
handgrenade,1
gourdlike,1
mahoghany,5
disappating,2
bittersweetness,6
JLindros,9
lightstruck,3
SkullSplitter,6
trat,1
amix,1
Sevile,1
aples,1
briney,4
sessionability,21
NERAX,1
BBCo,1
Afflihem,1
mineraly,5
dipa,34
Effervescence,3
Ceccos,1
CdC,1
beeragent,1
bottel,3
struise,2
Citraholic,1
Craftshack,2
CITRA,1
dimethylsulfide,4
Framoise,1
unbeer,1
tofee,1
molen,6
bubblegummy,3
cloy,6
viscout,1
overlly,1
ovely,2
complext,1
tullip,1
heffewizen,1
Clearish,2
waterier,1
jmkratt,3
pilsenr,1
inreally,1
notnat,1
sprucey,5
Hoppiness,9
Beligan,4
hopleaf,1
BSPA,10
DFH,121
Wormtown,3
Poursed,1
liht,1
flavorspicy,1
maslty,1
Plummy,2
yeastyness,1
boozeyness,2
boozey,23
licorise,5
corriander,36
BAer,2
chonyr,1
Sainbury,1
bumbs,1
maltbitterness,3
mhhh,1
extraordinairy,1
mouthefeel,4
reveiwed,1
Tantalizingly,1
prickliness,15
sessioner,3
icterine,1
Thirtythree,1
nitrogenated,2
Biscuity,22
festbier,5
remindful,1
BDEE,1
mohagany,3
WYLD,1
marmelade,9
DALES,1
Sessionable,7
scotish,1
imparticular,1
Pleanty,1
Piraat,20
rindiness,1
intential,1
wiff,5
Lghter,1
Rosauer,1
muich,1
terraccota,1
raisen,3
spicness,1
mellowly,7
Nuggethops,1
dfh,3
Weihenstephaner,22
breadyness,24
grassyness,9
Grassyness,1
goldish,3
Syrupy,29
carbnation,1
meduim,5
pulpouri,1
bubbley,3
christmasy,1
marzen,21
carbbed,1
grainey,1
gwguest,1
itially,1
hilites,1
anticapated,1
BeerTruth,4
retnention,1
espreeso,1
chcolate,6
myslef,1
apparrent,1
quincher,1
acidy,2
superlong,1
citrisy,4
receeds,7
Samichlaus,1
underripe,13
akorsak,3
ffej,1
cervoise,5
condidering,1
ajuncts,1
dissapates,19
aggresively,7
agressively,5
BdubleEdubleRUN,2
GuruDel,1
jazzpatel,1
MrHirschybar,3
punget,1
definete,2
mikesgroove,3
Marzens,7
dirtman,1
receds,2
maltier,50
Tercertiempocervezas,3
Wonderwoman,1
sensacion,2
alcoholica,1
aun,2
rapida,1
Flojilla,1
reisling,1
woodish,4
doppel,7
Starbucky,1
raisiny,26
snifters,17
toffeeish,4
Doppelbock,46
Doppelbocks,5
bitterish,3
MadTree,2
Tipples,2
Roasty,82
vinously,1
Audibly,1
chalkiness,13
reeeeaaaallllyy,1
dmeadows,2
OneBoxBIF,1
vvery,1
heffish,1
copius,2
vineous,5
feloniousmonk,1
anfew,1
Moutfheel,1
manadory,1
btl,4
Beerbistro,1
PLOP,1
lacings,41
uneathly,1
desweetened,1
giftpack,1
BSDA,29
boozyness,8
Cellarmaker,5
AleSmith,14
gueze,7
coolwines,1
nvsblman,2
Bowerbirds,1
traitioonal,1
tangfoot,1
uncarbonated,2
gueuze,60
Slighly,1
pilseners,7
Lefthand,1
Sourness,12
JohnnyDuvel,1
sendsilk,1
NoVa,1
tinging,1
maltily,1
melanoidin,6
woodsiness,2
ABVs,5
melanoidins,5
Waggledance,1
gimicky,2
flatish,2
Stormcloud,3
tweakage,1
Unpasteurized,3
woodychandler,6
esthery,2
Foodery,2
Knipling,1
CANQuest,25
Hornin,1
creemore,1
malarmey,1
Apearance,3
somw,2
lemos,1
wisping,1
vanillan,1
demarara,1
tabout,1
smber,1
sublte,5
honeyish,13
limeish,1
reminescent,5
thickish,4
Wuite,1
Unmistakeable,1
Nutrageous,1
coriandor,1
ShanePB,1
Cok,1
creekhouse,1
rootbeer,7
Grlz,2
Semisweet,3
almoust,1
dissapears,13
Brewvival,4
Belgain,4
retnetion,1
ChurchKey,4
Cavie,1
weizenbock,23
Underwhelming,5
retension,3
Marzeny,1
Crackery,4
Pillowy,8
consecutivly,1
Wyndridge,1
untappd,1
aftertastes,13
Smutty,5
herbalness,7
biscuitiness,1
rockiness,3
Floaties,3
PoweR,1
DuClaw,8
WIne,2
Crushable,6
reallll,1
Cimay,2
canadianghetto,1
dustiness,8
zesting,1
aftertatse,2
Kegatron,3
stange,12
resinousness,1
Resinous,19
grapfuit,1
canteloupe,3
alchol,6
Mosiac,9
brininess,5
Dimishes,1
ritzkiss,2
rindy,15
Yarchives,18
trippels,3
liqour,3
marzens,7
poruing,1
Krusovice,3
Railbender,2
Piny,10
aftertase,3
palatte,4
Tribale,2
Boomsauce,1
botteling,1
BleedingShrimp,1
BWine,1
oakiness,54
Spinnakers,3
THose,1
GLBC,6
Leathery,3
Zingy,1
burts,1
barleywines,57
Recursions,1
syrapy,1
wetherspoons,1
Belgianesque,2
cowhorn,1
Rheinheitsgebot,1
cabonation,5
embryonically,1
Ettal,2
ClockworkOrange,2
Fainter,2
yeasties,10
dunkel,38
weizenness,1
Weissbier,12
banan,1
Klosterbrauerei,2
Weltenburg,1
hefes,12
interuption,1
Laht,1
Neppur,1
almsot,2
charcter,6
Almsot,2
GIBF,1
graniness,2
colort,1
chunkies,1
dunkelweiss,2
NYFRB,5
Definitley,4
macrobrew,1
NWPA,2
overhopped,4
Tocobaga,1
tich,1
Sadley,1
Multiculturelle,1
itiveness,1
chuggable,3
schisandra,1
laft,1
Appearancewise,1
Upped,1
highish,1
underattenuated,1
infkated,1
lathery,3
mineraliry,1
tartiness,2
developig,1
maelsrom,1
tubulation,1
herbish,2
nuttyness,7
prescence,6
WatermelonWednesday,1
CANtinue,2
BumptheHump,1
FGBS,2
acCANplished,1
CANmence,1
seCANd,3
muttish,1
otherly,1
specturm,1
renetion,1
distingush,1
ejoyed,1
capsacin,1
wildside,1
DogHouse,1
coloer,1
hazey,7
carbonatin,1
mettalic,1
Chammomile,1
finsh,3
disappated,3
pocks,1
harmonius,1
fruitiest,6
haloing,1
BIPAs,2
resses,2
reeses,1
nosehairs,1
MouthFeel,2
sessio,1
Hopstitutions,1
chilie,1
Dispite,1
Wheatyness,1
Ruddles,3
diacteyl,1
Quaffable,6
mohogany,4
CANs,8
mintiness,4
HomeEc,2
surprizing,1
ZebraCakez,1
altbier,10
twnag,1
vinious,6
DayTime,1
falvours,1
scentric,1
charecter,3
disrtinct,1
photogenically,1
meringued,1
muskiness,4
Zwanze,6
smaeck,1
soet,1
Zeeuwse,1
doet,1
hoppyness,22
AleFest,1
sulldaddy,1
yolky,1
liqorice,1
heary,1
concidering,1
Rovert,1
skunkyness,2
unoffensive,4
gllass,1
variaties,1
ghis,1
nonick,6
froam,1
caramal,3
Semidry,3
earhten,1
tasrtness,1
spruciness,1
Trappeze,1
urquell,1
mozerella,1
imressive,1
herbacious,5
egajdzis,5
clingling,2
sourish,9
milkiness,12
Heffe,3
litttle,2
idiosyncracies,1
Haandbic,1
stype,1
Slàinte,3
gockets,1
Sniftered,1
Bandaids,2
Hopsonic,1
sensualness,1
Braggot,1
stemmy,3
withwood,1
Rauchbier,12
Nonic,12
schwarzbiers,7
jmgrub,2
Heinken,1
Beantowne,1
WHich,1
choclate,19
meadium,1
balnced,2
Sigda,1
Cabonation,1
Dankness,4
weisn,1
oreange,1
wigh,1
Pilsenerhaus,1
puckery,9
merenguey,1
Choklat,5
cascadian,1
earty,3
stouty,9
riggwelted,1
caramely,26
disapates,11
sne,1
Drys,3
carbing,1
harvesty,1
Allgash,1
Stiegl,3
radler,5
Hugemongous,1
esb,4
creamness,1
Roastily,1
ibus,5
skunkier,2
frehs,1
eisbocks,1
ascetically,1
Sunbru,1
wheated,5
ReSession,1
drinkibility,5
grapefruitiness,2
afterfeel,1
beerlike,2
Gingerman,1
moussy,3
DIPAs,103
Lupulin,5
Splotchy,7
cappachino,2
liquorish,10
Dollops,1
viscously,1
Cedary,1
Celebrator,14
fruityness,14
astrong,2
spiceyness,2
prickley,2
Dubbels,9
pineyness,11
Trickles,1
Oenophiles,1
herbaceousness,6
grapy,1
biers,4
Canneed,1
cloudspeaker,1
Zues,1
Whiteish,1
octoberfests,2
happoshu,3
Thanksgivin,1
Fuggles,13
celan,1
semidry,7
disappates,5
golder,1
belgianesque,2
Tastier,2
Wheatish,1
Kerstbier,1
Sixpoint,22
squashiness,1
overbrewed,1
Grapefruity,7
astringently,3
peche,3
iindeed,1
Øl,2
lightish,18
absoultely,2
revealts,1
Hopcat,4
carmelly,4
burtn,1
dissapated,6
whisps,5
mendicino,1
niether,1
deschutes,4
Koslch,1
refermentation,2
BeerAdvocate,16
Jugando,8
dechado,1
sabores,1
agusto,1
maltoso,2
pilsen,3
Triaminic,1
buyig,1
Duclaw,3
Okocim,2
crescendoing,1
Aromatically,2
spicieness,1
Andrenalines,1
servingware,1
Apine,1
moutfeel,9
lagery,3
Germanish,1
sliminess,1
Biiter,1
chocaolate,1
sofie,1
festbiers,3
belgo,2
Corked,12
hugosity,1
tripels,24
Mayslacks,1
rauch,7
IPa,3
oloured,1
widemouth,1
Hazed,23
funkified,1
Pedio,3
Thinnish,2
munchin,1
perceptable,3
rubby,1
BSDAs,7
adjunt,1
smoth,3
Fruitbasket,1
jleblanc,1
Kuhnhenn,14
Eisbock,10
grapesy,1
tastewise,3
ribwort,1
horseblanket,12
vinousity,1
diasppointing,1
Dunkelweizen,5
Earthiness,7
Alesmith,25
dissolveing,1
Bruisin,2
McEwans,1
Kingon,1
comsumption,2
Hopleaf,3
honeysuckly,1
LIght,2
rudzud,6
glasss,1
yogurty,1
palated,2
weisen,1
Immort,2
Comming,1
flovors,2
ofest,2
nutmeats,1
emost,1
cocao,7
sunriver,1
Bottlecraft,3
lacining,1
Unidentifiable,1
aurburn,1
breifly,1
reminicent,5
Broue,2
hopbitter,1
maltbitter,3
Labirratorium,12
agradable,2
amargor,3
protagonismo,1
acompañado,1
suaves,1
cítricas,1
herbales,1
echa,1
facilidad,1
Insipired,1
owerwealmingly,1
Absumaster,1
NAmerica,1
tnogue,1
characterisitcs,1
Pschorr,9
Surley,1
maintaste,2
endtaste,3
Appearence,5
anykind,1
Intresting,1
Theflavor,1
smae,1
TANGERINE,1
Brettamyoces,1
biege,10
krillionaire,1
Carapils,1
Sopernicus,1
Churchkey,8
wagonvolks,1
hiiiiyooo,1
Redbones,4
strigy,1
undried,1
Sporrings,1
timy,1
smoot,1
Hawiian,1
Hoppier,5
Viennas,1
Czechvar,1
Fahrenator,1
sliight,1
leafiness,4
tweeked,1
beCAN,9
Sumpin,15
lagunitas,11
HOPTICAL,1
fridged,1
cateogory,1
brownbeige,1
carbination,25
CANned,9
Tribally,1
CANnot,4
EIPA,8
CANsidered,1
wellj,1
Smel,2
Leinenkugels,1
loftly,1
Bretty,16
expectional,1
bittered,15
substanatial,1
Cloiudy,1
Colroado,1
Godd,1
retailition,1
Carared,1
tantilizing,2
sulfurs,1
FrankenLager,1
exceedes,1
forthy,1
beautifil,1
semll,1
midsip,1
ESBs,8
Prickling,2
suffiicient,1
spicecake,1
nonintrusive,2
Mikesgroove,2
ASSLOAD,1
brdc,1
Pumking,32
Draai,1
Laag,1
EBAs,1
tatse,5
overcarbonated,24
creackers,1
Apropriate,1
Chouffe,17
spunkiness,1
pumpkiny,5
kriek,18
Gusler,4
fullbodied,2
Tröegs,4
roggenbier,2
Novare,4
prefume,1
bulldogsturge,1
cuke,2
subltle,1
juiceiness,1
Liney,1
Bittering,5
saision,1
butexpected,1
Friggen,2
cinammon,5
orchardy,2
aromaand,1
charry,5
joepais,1
realatively,1
epected,1
rasin,7
creamyness,8
somwhat,3
esophogus,1
winterland,1
Tannic,10
overbalances,1
spciy,2
yeasy,1
aftertastet,1
fusels,7
nanobreweries,1
Decently,7
probabaly,3
occaisonally,1
Oktoberfests,7
hopy,6
sesion,1
revalation,1
lemonzest,2
Weihnestaphaner,1
juxtoposed,1
grassier,6
Fusel,2
Sublte,3
charater,2
MOuth,1
wheatwine,9
Corsendonk,6
fuminess,1
ehad,1
breadcrust,1
Probly,1
Appealingly,1
Unimpressive,2
Kölschbock,1
borderlining,2
levle,1
Crowler,10
boozier,12
Pilseners,1
RyePA,1
AmberBock,1
Jhammerly,1
froath,1
fusal,2
Crustacian,1
maltwise,1
ipas,22
pininess,3
Pillowee,1
Nobil,1
renditioning,1
dominat,1
Chelada,3
clamato,3
cheladas,1
fantome,4
hoooottt,1
tabascos,1
pallate,9
toastyness,6
fruittyness,6
sulphury,2
fruitty,8
Birrateque,3
TripleIPA,1
IIIPA,2
Shugga,5
JDV,1
cramel,2
tobbaco,2
BWSA,2
sessioned,3
deutscland,1
carboantion,1
tfontana,1
crsip,1
froathy,6
Urbancaver,2
bubbliness,4
Maerzen,4
Rauchmalz,1
Bockbier,1
wooshed,1
Haand,1
sarsparilla,2
mishuggah,1
mouthfeels,11
Spritzy,14
Seasonals,3
Jubelale,2
Boont,2
Winterhook,1
sulfuriness,1
cL,3
sauvin,4
mothfeel,2
funkyness,7
lingeringly,2
Draughthouse,1
Brewforia,1
HotD,3
reminscent,2
Choulette,3
freshner,2
florally,8
beermania,1
corrander,1
Meduim,1
pFriem,1
Natürtrub,1
Bannana,4
teton,1
bitterer,3
trancendent,1
Oakquinox,1
Tatonka,1
impy,17
Madvike,1
bisquity,3
PALATE,18
Smashbomb,1
kickawesome,1
Hallerteuer,1
Mbpbugeye,1
grapfruit,3
ornage,2
Intemperance,1
biscuitty,3
oakyness,7
lacind,1
depsite,1
releif,1
pilses,1
jalepano,2
followthrough,2
alcholol,1
Altstatd,1
Sweetish,9
sytles,1
soild,3
waaaayyyy,1
tabacco,6
diviosion,1
OUAV,1
Schwarzbier,8
Spindly,1
Schwartzbier,1
carnbination,1
melage,1
lght,1
marshmellows,2
tastelike,1
suckem,5
movem,5
Sleemans,1
Nettbutikken,3
Schoune,1
McGillicudy,1
lemondrop,1
ege,1
msot,1
midpalate,15
Prignon,1
foamier,2
armpitlike,1
muskyness,1
alochol,6
Knownfactor,1
Bardwashrind,1
metallicness,1
lingerling,1
defently,1
hefeweizn,1
Scottys,1
tocuh,1
finsih,3
Aecht,5
Schrenkerla,1
fomy,1
Tannish,2
merangue,3
flaovrs,1
Soild,1
espically,2
delciate,1
Hoffbrau,3
weediness,2
Hopfest,4
StrangeBrewfest,1
yummers,1
vinter,1
varmers,1
JackTheBear,1
Dfh,1
applejuice,1
monimal,1
pepperness,2
Sodalike,1
Arom,1
farminess,1
Estery,6
tingy,1
sessioning,14
breadand,1
forsure,3
interseted,1
broon,1
Righteously,1
typicall,1
mouthfell,2
RISs,5
puch,2
Dranken,1
kolsh,1
gunnar,1
maltly,2
behide,1
hedonistjive,1
plesant,4
fermenty,1
Aftr,1
lighlty,1
darlk,1
fastenbier,1
Fastenbier,2
Urbock,3
duvel,14
nocturnum,1
deffinatley,1
CPAbeer,1
danky,11
Sweetwaters,1
Monkeyshine,1
coffeish,1
SanTan,1
thickfreakness,1
harshens,1
Troegs,17
midgrade,3
Dopplebocks,2
molassas,6
imbiber,4
Fugazme,2
suductive,2
misstress,1
furnature,1
leffe,2
unibroue,9
Stien,1
worldbeaters,1
minmal,1
sweetnes,5
moshes,1
buiscuity,1
geexploitation,1
Franziskaner,3
toastey,2
Pilsners,6
palelt,1
scotchy,3
milld,1
boistrous,1
corriandor,1
fizzily,1
nutiness,4
alcochol,1
dispite,7
Lothore,1
Purs,1
mouthfull,6
jcwattsrugger,1
surprsingly,1
maly,2
disipates,6
somewaht,1
frutiness,3
hazies,2
Impy,8
Heffenweizen,1
Heffeweizen,2
Heffenweizens,1
fernet,1
promident,1
crist,1
timeX,1
woodyness,6
barrely,1
Sipped,1
dirndls,1
creamsickle,4
aross,1
justalittlebit,1
SoPro,3
pks,1
lagerland,1
sproser,1
gummish,1
Smoooth,4
snuffIing,1
receede,1
Allbeit,1
inticement,1
farmhousey,1
stticks,1
transluscent,3
whatothers,1
ambar,1
nonextant,1
eathy,2
clinged,3
Skidz,1
octoberfest,4
Gitchee,2
Gumee,2
domianted,1
hazlenut,7
RIght,1
pislner,2
disappeare,1
supershine,1
Zestier,1
Ipas,1
simcoes,2
roastedness,8
unlagerlike,1
balacned,1
carmal,3
carmell,6
caramell,6
appearace,1
coild,1
TenFidy,1
watermellon,1
Pourhouse,1
Provies,1
DnQ,1
esthers,4
contiue,2
traditioanl,1
mrbubbler,3
acididty,1
wavily,1
Hofbräu,2
foamation,1
Nordeast,2
huskiness,3
Sweeeeet,1
mapley,3
maaaapleicious,1
Rotokas,1
warriorsoul,2
hzy,2
zestiness,14
brettanomyces,17
skunkweed,1
Suprisingly,5
bananna,3
silkly,3
offerning,1
heep,1
Leinie,3
Dissepates,1
bubling,1
caremel,5
Wonderbread,1
Thta,1
grapiness,4
ouncer,3
biiiggg,1
Smeel,1
pervertedly,1
suddy,1
bittterness,1
Vinuous,4
Wafted,1
spiegelau,4
raspiness,2
inplies,1
temperered,1
clor,2
bittereness,1
bomby,1
subued,1
Brewmasters,2
JohnW,1
DeCiccios,1
Woodsiness,1
fussel,1
quiality,1
fussels,1
Plzner,1
Weinhard,1
waitpersons,1
TWAH,1
Koeningshoeven,1
mymrnngjckt,3
cinnomon,1
pithish,1
Papsoe,1
catawba,1
hpsmack,1
andrenaline,1
donimate,1
PreFunk,1
inards,2
weatlth,1
Zimmerbloke,1
simliar,1
bitterbackbone,1
effervescently,4
dunkelweizen,6
peatiness,6
dissapoints,2
whifffed,1
withlow,1
TBach,1
esk,3
patchmaster,1
benetoh,1
Fayston,3
Spalt,1
Roncini,1
Drinkabilitly,1
boisenberry,1
truffel,1
Drinkabilty,4
dimentional,3
quitely,1
airyness,1
Wolaver,2
dissappointment,1
Creamier,3
gowing,1
Anf,1
biscuty,3
coppor,1
dbout,1
lusterous,2
comiong,1
subtley,3
interresting,1
Milds,1
mochachino,1
Ceveceria,1
Esparte,1
ashiness,3
quadrupel,7
effervesced,1
Effervesced,1
CItrus,1
cItrus,1
Hopalicious,1
herbality,2
dirupting,1
safron,1
suble,2
ciderish,1
Yeeeaaahhq,1
Minnisota,1
Belgianfest,1
citrusey,2
Resembled,1
goses,3
hightlight,1
Nutted,1
Edgey,1
moccha,2
coninue,1
mollases,1
epervescent,1
lighly,3
willamette,2
sweetenss,2
carbonatinon,1
Haskaps,1
mabey,3
commemerative,1
crizay,1
Nocturn,1
Medoium,1
balck,2
schtew,1
stonefruits,5
nearingly,1
gloopiness,1
Sulwath,1
festy,1
LAGUNITAS,1
DOPPEL,1
Doppelsticke,1
sparkliness,1
Lathery,1
carryies,1
leafyness,3
mudded,1
planty,1
klieg,1
Rubaeus,1
tarness,2
ususal,1
Bryghus,1
exedous,1
duffextracold,1
bttl,1
Hopsickle,3
doppelbocks,15
dipas,5
Bramling,1
dld,1
StereoHopic,1
Foune,4
previos,1
champaigne,2
rasberry,3
extrememly,2
maltness,4
maas,2
märzen,2
pawpaws,3
Ubrer,1
barleywise,1
IPLs,1
Dragonmead,3
Dustiness,1
walezbro,1
Bbomb,1
PacNW,3
sweetnedd,1
Nightman,2
dogfishandi,1
Turbid,7
molassesThe,1
Atlanric,1
Ehaah,1
Slighty,8
sniffter,1
knuddel,1
Knuddeln,2
yeastier,1
boosty,1
Barleywines,12
Quadrupel,9
biterness,3
Drinkablity,5
chickencoop,1
unexpectantly,1
dbe,1
decending,1
Scourmont,1
pumpernickle,2
demerarra,2
speiglau,3
sesseion,1
Kilgubbin,1
hesistate,1
Beermongers,1
Aeki,1
Limped,1
Heaved,1
motherscratcher,1
weekened,1
alackaday,1
centruy,1
lucious,8
prickily,1
tanish,5
TBBC,1
MrKennedy,1
Brugs,1
Beertje,2
swetness,2
sweetess,1
pimpp,1
hopness,2
lacers,1
Reminiscant,1
suspention,1
challanging,1
Siloh,1
barlywines,2
surpringly,3
thinish,4
lagerish,2
Bottleworks,3
Tangletown,1
dextrinous,7
subtlties,1
enducing,1
MOUTHFEEL,6
ahurd,1
reminicsent,1
tartest,2
sourest,4
necesarily,1
froffy,1
syrupiness,6
perfuminess,3
Boomgaarde,1
withwhite,1
faily,2
Overpowering,1
modearte,1
toffeee,2
seditment,1
cjgiant,1
largadeer,6
SunKist,1
FWIBF,2
preval,1
nougaty,1
madeirized,1
meadish,1
pineau,1
charentes,1
effluves,1
wittes,2
typic,1
cirtus,6
reivew,1
oatish,1
obsucre,1
dunkle,3
noseful,1
overaggressive,1
SIPAs,1
beertasting,1
BoBBiQue,1
ArchEnemyBrew,1
remians,1
cinnamin,3
Julios,1
GUBNA,1
raisens,1
Dunkelweizens,1
lovibonds,1
toastier,1
Sudsdog,1
unsweeten,1
Tastey,2
Fleiderhaus,1
halfpint,3
marcipan,1
Handpump,1
drinakble,3
unimperial,1
hoptron,1
beveritt,2
swack,1
cliffsides,1
gueuzes,8
adjuncty,2
creamscicle,1
grandeurship,1
burgandy,5
PDubs,1
gustó,1
saboreas,1
sorprende,1
Cquiroga,1
sheephead,1
sytle,2
Lazurite,1
hellesbock,2
CCBW,1
muthfeel,1
Rerate,2
Svarthumle,2
Løkka,1
Brygghus,1
Dstinctly,1
spicily,1
NEASWAP,1
wispiness,1
Dreamsicle,2
SOmething,1
Bierkraft,4
slipperier,1
pricklier,2
treyrab,1
roastier,6
Wiezen,3
tgbljb,3
smokeyness,10
Microflora,1
quadness,1
pruniness,2
semcoe,1
moughtfeel,1
Copperhook,1
Shakesbeer,1
BBCS,4
tapline,1
architectured,1
muscato,1
bananaish,1
drinkabiltiy,1
hoppiest,18
appatent,1
Schlenkerla,9
starw,1
Roguish,1
orangeyness,1
bretheren,1
DeZavala,1
lithesome,1
Lagerhaus,1
peculier,1
Bilco,1
Nouseforotacon,1
chinooks,1
SNs,1
HopSlam,5
Diabeeeetus,1
Superfresh,1
Cheeers,1
orcasteve,2
Coolship,2
comdo,1
wihout,2
pomarant,1
Slickly,1
webbings,1
ghostface,1
Modled,1
SAXER,1
Defumada,1
doppelbockish,1
nanner,1
Robiolo,1
estremely,1
mahogony,5
porterish,1
enclyclopedia,1
fiz,2
evolvingly,1
specialoccasion,1
Obv,1
vegital,1
MInimal,1
Fairstate,1
Doinks,1
belgin,1
Åbro,1
POTENT,1
Dunkles,2
throghout,1
oranje,1
weisse,15
croned,1
coor,1
sessinable,1
oatiness,2
Splotches,2
Pored,3
oaking,4
Neverless,1
substancial,2
Tastaste,1
witibier,1
overpronounced,1
neipa,8
Orangey,10
laquer,1
almose,1
eanding,1
pleasnt,2
brewd,1
tittles,1
BOTMC,2
Quadrupels,4
Blogett,1
AALs,2
disapated,3
Fudder,1
Bingerz,1
avb,1
trippel,7
grasasiness,1
BOOO,1
melony,3
impresion,1
apriciots,1
Belgiums,9
BeerList,1
Weizenbocks,2
Poureed,2
purrrdy,1
millnes,1
certinly,1
thinkBeer,1
Pricy,2
dreamsicle,1
Lacings,1
spiderwebbing,1
cholocate,1
bacgroung,1
siiiiiiiigh,1
Northdown,3
cjs,1
potsdam,1
Brixx,2
Pianiste,1
sacchariferous,1
pumpkinish,2
loctaion,1
argree,1
febuttal,1
previosu,1
thrist,3
Puntigamer,1
Goesser,1
debutes,1
Herbstbockzeit,1
bosc,1
qualitities,1
grumbler,1
fromnthe,1
paricular,1
DCMW,1
funkhousiness,1
soapitude,1
disspiates,1
fersh,1
breaddy,2
oktoberfests,6
Oppigårds,1
yrt,1
cervoice,1
Lers,1
Fruited,2
acetobacter,1
Afternotes,2
finshes,4
Lightish,2
Beermasons,1
breadlike,1
grapefruita,1
sprucy,4
rebrew,1
redues,1
prevelant,9
defiently,1
Manatawny,2
drnkable,2
oatmealy,1
brauhaus,1
schmitz,1
modicom,1
saltyness,1
zestily,2
priorites,1
Tettnanger,3
Brewboys,1
retentiuon,1
Harviestoun,1
snulip,4
mediumish,3
rasted,1
OFallon,1
SuzyGreenberg,1
potpourrish,1
anihilation,1
labatt,1
hoppage,3
beeradvocate,4
certianly,1
Fermentables,1
InebriatedJoker,1
ppoitras,4
wcept,1
chocolatly,1
goodspeed,1
noteable,3
astrigency,3
moughfeel,1
Utepils,3
Kristallweizen,1
astringence,3
areally,1
schmittymack,1
roased,3
instensely,1
finiah,1
Trippel,6
Alluringly,1
Soured,2
overally,4
Illest,1
Vanillins,1
Sweetens,2
dandyish,1
oakey,7
undertaones,1
XicanoBeerRun,1
pilow,1
reltively,1
thah,1
Heinekin,1
Skuter,1
glarus,6
offly,1
clense,1
Barleys,4
finishs,3
sazz,1
Wellll,1
flothy,1
minisculey,1
rosè,1
presece,1
champaigns,1
nonintellectual,1
psdtru,1
hashy,1
attacke,1
SafAle,1
toffe,8
WOrth,1
hefeweizens,7
tawney,1
midtongue,1
carbondated,1
aininess,1
whitesh,1
Hibernator,1
technicall,1
caramunich,1
approriate,2
biersch,1
waxiness,1
inkiness,1
starchiness,3
citrics,2
barny,2
Woodychandler,1
comed,1
devourable,1
alcohal,2
yellowe,1
apparant,4
pepperiness,6
Decants,1
Billowy,2
trappist,20
Hefes,3
wiessbier,1
regardles,1
Leinies,3
overchill,1
middlin,1
availibility,1
overcarbonation,3
bistre,1
Citrics,1
Deuane,1
bottleshare,1
klages,1
carastan,1
freerange,1
vuur,1
signifigantly,1
Rumkinator,1
hige,1
espessially,1
foeders,1
Mittelfruh,1
foeder,2
bretta,1
pedio,2
sparkingly,1
atste,1
colorerd,1
burpy,1
flintiness,6
Shmaltz,1
herbiness,1
unhoppy,1
shker,1
underwelmed,1
teritory,1
bittnerness,7
toungue,4
floavor,1
Brutaltruth,2
Maltyness,1
towarss,1
RIDA,1
brewso,1
purfumey,3
NIce,3
ourfuminess,1
ommegang,5
apsect,1
reddishness,2
Stoudts,5
lacemaker,1
WesMantooth,1
corniness,1
tittymcj,1
Subpar,1
yello,1
Kojevergas,1
Predominanatly,1
Bottlecap,1
cloudyness,4
stgrong,1
Kalea,2
Advents,3
Wheatbier,1
ChrisPro,2
Jeffo,2
WABL,1
thinbut,1
clearish,4
whaffs,2
juicyness,5
Adjuct,2
samll,2
oversite,1
coffeesque,1
mislabled,1
sugariness,7
Retronasally,1
Rockefort,1
BigEmail,1
BigE,1
Struise,12
pilsneren,1
amighty,1
cloys,3
downable,2
Definatly,5
anathar,1
dranch,1
slgiht,2
bittermess,1
Deffinatly,1
AutumnalDave,1
charecters,1
hefewiezen,1
WIldwood,1
LooK,1
bllod,1
biere,6
Skopsko,1
BSPAs,2
canquest,3
brewsephine,1
Steltz,1
vinegarish,1
desent,2
hopos,1
cantillon,7
prominate,1
drabmuh,2
hawaiin,1
brewerys,2
hoptical,1
incongruousness,1
ascerbic,1
Danification,1
tasy,1
jamminess,2
incandescently,1
DuganA,2
despated,1
alcolhol,1
roastyness,13
mocah,1
pilz,1
yesteerday,1
Zeezicht,1
Retronasal,2
Orangish,6
Sabro,5
tajin,1
rimed,1
cosmonick,1
Cloys,1
yelowish,1
reformable,1
sumner,1
rousse,1
flavorwise,3
sliightly,1
Matly,1
caramelesque,1
strout,1
flavores,1
Whyteboar,1
melanoidines,2
intens,1
BMart,1
beatuiful,1
unpleasent,1
Impatiently,1
Cakeyness,1
bewery,1
Winterweiss,1
SOme,3
oated,1
Octoberfests,2
tirelike,1
Lingeringly,2
espressso,1
quaffability,5
hopwise,1
follwed,2
uessed,1
Smokier,1
soem,1
disapoint,2
plasticy,1
smokieness,1
troegs,4
beerfest,2
hopcats,1
unaable,1
Terrior,1
JMBSH,1
goodthing,1
Shebeen,1
oakish,1
siftens,1
mikkeller,3
Tommyknocker,3
Hopslam,40
juicyfruit,2
Plentu,1
Mouflan,2
nyrangerfan,1
Breim,1
Gruit,3
Rosmary,1
Segues,1
BigJTrucker,1
disipated,2
anouther,1
Wheatwine,3
wheatbeer,1
armoas,1
Trappistes,3
braught,1
littel,3
gerat,1
CANMan,1
BigBry,1
CANada,2
jagovs,1
HomeBrewCon,1
oversweet,4
bouroun,1
splotching,1
Barcade,1
earthyness,5
seeet,1
Leikeim,1
quaffs,6
firts,1
midtaste,4
Nouse,1
subtl,1
offeing,1
balaced,1
Bitterbill,3
syruppy,5
affligem,1
drak,1
barky,2
Translucency,1
Sweetarts,1
sappiness,1
pazole,1
Edmonchuk,1
Drakonic,1
chimay,7
appley,1
unpositive,1
rereview,2
obtrusively,1
zwickel,2
carmally,1
nitros,4
frothey,1
kbs,4
graduall,1
Ganssett,1
Sculpins,1
sorachi,4
dabaloons,1
underhopped,2
breadier,1
Tavour,14
hopilicious,1
Zdravje,1
roated,5
SkÅL,2
defitely,1
hopps,4
BeersOfEurope,1
hellaciously,1
herbalwoody,1
nostils,1
rumcake,2
WLV,2
Uglyish,1
afteraste,2
Fuggle,3
istic,1
refil,1
Bernadus,4
Decadently,2
cosiderable,1
Dremo,1
asmall,1
Egerer,1
wimpier,1
Nondescript,1
touchs,1
fainty,1
Stubbies,1
Gaineville,1
kahki,3
prefectly,3
tpo,1
sping,1
retetntion,1
grainiess,1
kegged,4
laciness,1
belgain,1
characer,1
enojyed,1
florality,1
Sicilianos,1
dicernible,1
tgat,1
pilowy,1
TROPICATION,1
bdubleedublerun,1
quakity,1
insence,1
travita,1
bacony,1
Hopology,1
perhas,1
carbomation,1
caramelfest,1
disapating,1
mreusch,1
thisthing,1
receeded,2
Pumpking,6
cinnimon,1
haaze,1
citus,5
buckety,1
BentSpoke,1
schmiddy,1
Choca,1
barbequeing,1
kölsch,4
hedonistically,2
tsste,1
Swuh,1
orgasmitron,1
Uninspiring,1
woyldnt,1
Fermenti,1
halletau,1
twingy,1
quaities,1
Madisonians,1
cellarability,1
whisp,9
Flavourful,1
carbanation,1
Brugges,1
Cheapness,1
Brewskie,1
butds,1
emjoyable,1
autumny,1
Kvass,2
periemter,1
bodywith,1
spicines,1
spiceheads,1
gooier,1
papollo,1
drizzeled,2
Pracna,1
Meagen,1
chixdighops,1
sixtel,2
overwhelmind,1
immdiatly,1
sesionable,1
recomennd,1
anejo,2
saccharomyces,1
Puckeringly,3
Epice,1
Emperial,3
tomoato,1
inidstinct,1
Mauerhan,1
sporatic,1
Chocolaty,8
sheety,2
Cirtus,3
Bonedagger,1
aspiriny,1
DEPS,1
tuilp,1
whadaya,1
Bevmo,5
whallop,4
whollop,2
boardering,1
inpressed,1
Brickway,1
ringz,1
guanabana,1
mynie,1
bittersour,1
tastefest,1
interestibngly,1
starnge,1
Keystonesque,1
cetainly,1
schwarbier,1
esterific,1
Dearfield,1
worldbeater,1
AOBF,2
candisugar,4
carbinated,3
McMInnville,1
CKT,1
blacck,1
stickyness,3
unappetizingly,1
Kichesippi,1
allowd,1
sommersb,1
gabf,2
clovelike,1
Waldmeister,1
tweeking,1
apprarance,1
NOse,1
Grassiness,1
bruery,2
Inoffensive,3
figer,1
garnett,2
palte,1
shwarzbiers,1
kzoobrew,1
Hoptober,2
Zaftig,3
unglamourous,1
prominant,3
Capones,2
inearly,1
chocalate,4
riverwest,1
tealike,1
ドライ,1
Strumke,1
nihonshū,3
Gohyakumangoku,1
honjōzō,2
karakuchi,2
Yamadanishiki,1
báijiǔ,1
contestedly,1
sakamai,4
Gekkeikan,1
Otōsan,1
citris,4
Aftertase,1
Meconi,1
Troch,1
tdadiuk,1
imstillthegman,1
bitternss,1
MexiCAN,3
TheOldLady,1
CANveted,1
CANterparts,1
CANger,1
montainlake,1
wiev,1
itsef,1
Leffes,1
citurs,3
geuze,11
speckly,1
retronasal,1
Charkoota,2
mouthcoat,1
crowlers,5
Definantly,1
pineaple,2
Bemgian,1
casked,4
compsure,1
Angram,1
Ddh,1
cohones,1
atttempt,1
wuite,1
aloofly,1
Winey,4
baltics,2
bubbes,1
refrehing,1
Roggenbier,3
roggenmalz,2
Roggenmalz,1
Guinnessian,1
proportitions,1
roggen,2
weizeny,1
weizenesque,1
Weizens,3
Roggenbiers,1
senf,1
roggenbrot,1
raisony,2
Harrusburg,1
Millworks,1
Wads,1
accenuates,2
Boucanee,2
Toadyjoe,1
whiterascal,1
ambewith,1
YYMMDD,1
witbeer,1
epecially,1
plankowner,1
SDBG,1
sandlewood,1
Citradelic,1
Medoum,1
Reykavic,1
haviestoun,1
VDubb,2
Witbiers,3
sries,1
BotM,1
thincap,1
pungeant,2
Schwarzbiers,5
Iverall,1
retents,1
Hopfish,1
clausenii,1
MMMmm,1
carbonatio,1
analagous,2
Drinkablilty,2
CoaCoa,1
Herbische,1
unpilsner,1
devlis,1
prodominantly,3
Roastiness,3
consistenttly,1
doppleback,1
finnished,1
ballance,4
drinken,1
fusile,1
develloped,1
obiously,1
hopcone,1
botle,2
palemalts,1
alcohilic,1
freshnes,1
spiritous,2
eisbock,9
mirky,1
remisent,1
Nanners,1
cinommon,1
stlye,2
vegetabley,1
ryeish,2
Fatheads,5
HOPPY,1
NEBCO,10
bannanas,1
Reissdorf,1
danks,1
diminated,1
broawn,1
yeats,2
quckly,1
resine,1
CdT,2
effervesce,1
frothier,3
Kruggerand,1
Untoasted,1
mgbickel,2
Koningshoeven,1
bockbier,1
cellered,1
Jacktoberfest,1
lagtime,1
breweed,1
CANducted,1
dtd,1
Aaarrgh,1
DOFFED,1
TRAPPIST,1
spontan,1
Spontan,2
condensating,1
nortwest,1
mediumbodied,1
CruisaC,1
JUNIPER,1
jubelale,1
carbonationt,1
RedBaron,1
refrigeratorfairly,1
charcoa,1
articoke,1
afertaste,1
Rhubar,1
balasamic,1
lowbody,1
DrJay,1
WHISKERS,1
Beeradvocate,2
Drekker,6
Robbos,1
olfactories,2
Gueuze,22
Benediktiner,2
Weißbräu,1
Licher,3
Privatbrauerei,1
gruits,1
gruit,4
carmalized,4
frut,1
clasic,2
perls,1
unevenful,1
qualitues,1
sausagey,1
citrusness,2
raisenette,1
undecidedly,1
Woodmans,1
mohoghany,1
Bifrostguard,1
barelywine,8
spicienss,1
bummblegum,1
toased,1
alcoohol,1
indescriable,1
MexiBBQ,1
UnEarthly,1
ceaseful,1
Freetail,2
reveiwing,1
paritcularly,1
flavoris,1
purpley,1
THECPJ,1
bisciuty,1
Defintely,1
roatsty,1
hippys,1
Greenlife,1
llittle,1
inscence,1
ovebearing,1
reveiwer,1
tanerine,1
melanoidens,1
cloviness,2
apery,1
tartic,1
envolving,1
SMason,1
variatial,1
Subtile,1
Nuttiness,2
snownwhite,1
Fiddled,1
sessiining,1
Kambucha,1
Moutfeel,7
AERONAUT,1
Gnarleywine,1
prodominant,1
expeced,1
woodsey,1
hopsmash,1
strangly,1
volitle,1
noticibly,2
carramel,1
Nogne,7
TRaditional,1
hazyness,2
floreal,1
HuskyinPDX,1
peachs,2
sweetside,1
raspberrry,1
Ovila,5
Estudiando,3
pipas,1
Hipercor,1
sencilla,1
deber,1
citrico,2
sobrecarbonatacion,1
estropearlo,1
cierto,1
obstante,2
apagada,1
fraugruber,2
WBAYDN,1
HOLLA,1
Swaths,1
Floreffe,1
Sufficently,1
Pliney,3
spottily,1
gnice,1
Willibecher,1
Catador,3
aaahhh,1
deliciuos,2
pluff,1
hite,1
yellw,1
spicei,1
aipa,1
knovk,1
Almosy,1
Cholov,1
RIch,2
smoooooths,1
Definetly,5
Begrudgingly,1
vigarous,1
charictaristic,1
Rauchbiers,5
graaaiiiiiinssss,1
gggggrrrrrraaaaaiiinnnnsss,1
withi,1
Boasted,1
maltbase,1
Bocq,1
Stiffly,1
carbontion,1
lithely,1
brouwers,1
Cervoise,2
Phatz,1
floralness,3
uncloying,1
wheatbread,1
Purrumbete,1
penitrate,1
pallatte,1
GatorBeerNerd,1
Fruityness,1
anomoly,1
guiness,4
SNBC,1
miild,1
CANfusion,1
CANtinuing,2
Barrar,1
CANcro,1
acCANd,1
acCANponied,2
CANebrate,1
ADIPAs,1
sweettarts,1
oilyness,3
Spicing,2
comany,1
lagerm,1
zippier,1
Rumrunner,1
floweral,1
sweatiness,2
ruddfy,1
afterv,1
viney,2
zucker,1
treeish,1
leuken,1
simlilar,1
Citusy,1
fustration,1
candyish,4
amaerican,1
attibuted,1
johhnys,1
Corianders,1
makess,1
Tankhouse,1
presenece,1
geuzes,4
zrrbrrt,1
Mellifera,2
Tanginess,1
Beligum,1
beligum,1
Dinkability,2
Huadog,1
bananay,1
Frambozen,1
Cellared,9
Unripened,2
topin,1
MilkStout,1
ratins,1
apercot,1
Moerlein,1
almosts,3
Tongueland,1
Snulip,3
shugga,6
bologana,1
dissappears,3
twelver,2
Belgiany,2
Depanneur,1
lightcreamy,1
resiney,5
frsh,1
citrused,1
Modeerate,1
Lowish,1
Hardywood,11
cuzco,1
Overdoes,1
trub,4
Strohs,1
Periously,1
barnyardish,1
middlez,1
Papsø,1
Ironfire,1
VONS,2
contibute,1
aleish,1
Perceivable,1
alesmith,4
evidient,1
carmale,1
peezy,1
charcteristics,1
Breweing,1
matly,2
susinct,1
Poundable,1
cripsy,1
Gansett,1
Rakau,3
turbulator,1
similer,1
pinneaple,1
burghandy,1
dyan,1
blonden,1
Selins,1
bastardizing,1
chamomille,1
Stendler,1
Siracha,1
haziest,3
pointilist,1
zestier,2
Urthel,5
Poperings,1
tantalizises,1
Staight,1
Xenoreactive,1
mouthpuckering,2
beclouded,2
mastodonic,1
spumescent,2
windsheild,1
aftertone,1
tacosandbeer,1
Grisette,4
Hopheads,4
Maltmen,1
nepa,1
signiture,1
overpowing,2
krausen,1
gesho,4
ambery,2
fuffy,2
Spiciness,4
approrpiate,1
Thermia,1
RRBC,1
delicisous,1
brazils,1
ofpiney,1
nioce,1
irredular,1
bouys,1
irridesence,1
amlty,1
starst,1
Unlabeled,1
overcarbed,4
hrb,1
Neipa,2
Slowbeer,1
Stodgy,1
AESB,1
interepretation,1
whte,1
afficianodos,1
NEDIPA,9
verythick,1
Ineedabeerhere,2
quickkly,1
AFtertaste,1
MuenchenerKindl,1
WIsh,1
Savignon,1
clinges,1
Prolegoma,1
Elaborative,1
brewday,1
Schlenkeria,1
Charbonniere,1
Recommneded,1
murkey,3
DNEIPA,1
Peppert,1
Tubinger,1
Mountfeel,1
goodnesss,1
motueka,5
DearthVader,1
cirussy,1
raisinbread,1
Speigalau,4
Vrooden,1
dissappointing,1
Breadiness,2
waftsd,1
Souring,1
zuh,1
juicery,1
agiCANtion,1
flocculate,1
citrusiness,6
Goses,2
CANbination,3
Beechtree,1
rodenbach,2
lickable,1
ChulaJuana,1
withfaint,1
IrishColonial,1
cirsp,1
sipI,1
yojo,1
roundedly,1
HopDerek,1
Heckava,1
sepearted,1
fezzwig,1
Subite,1
savourless,1
Fonteinen,13
Märzen,9
defnite,1
clairity,1
Zythos,1
Proef,4
creamish,3
Beertracker,2
smellz,2
maltsweetness,1
andrhe,1
dispated,1
Perilously,1
coppper,1
glasswall,1
Delcicous,1
slickish,1
Leinhart,1
Kugeman,1
Altimari,2
surgar,1
lingerings,1
lovley,2
dubbles,1
becsuse,1
grest,1
sourlike,1
wheatier,2
ColLAboration,1
arome,1
nne,1
Quaff,1
golblet,1
butta,1
Beerdom,1
Overal,1
foamhead,1
mollasass,1
charcol,1
Wafts,1
kasteel,1
rocs,1
Slithers,1
staw,1
Radeberger,1
Caru,2
Gilgemesh,1
Weefisheads,1
molasis,1
kuhnhenns,1
clarkv,1
bieristgut,2
anice,3
proliific,1
Rasiny,1
resinates,1
Suppler,1
backbite,1
Ctrusy,1
emelent,1
tangeri,1
lollop,1
densed,1
pintglass,1
Hulmeville,3
headcracker,1
acridness,2
digestability,1
highlites,2
wisks,1
lemongrassiness,1
Swiggers,1
Aphotic,2
marshmellow,11
FlintB,1
coffeeish,7
drinkabilty,5
BEERFLY,1
CANpony,1
CANtract,1
TGBC,1
Sosus,2
Pergamons,1
yinz,1
rubyish,1
cofffee,2
examplifies,1
ENPT,1
perogis,1
warth,1
tastye,1
shcufj,1
coldbrewky,1
prescense,1
Sixfold,1
beertruth,1
Doops,3
carafa,1
willamet,1
Bistre,1
mouthcoating,9
Apperance,10
TATTORSO,1
Wintery,1
Clung,1
bouqet,2
Tecates,1
LaTrappe,3
rentention,4
Deff,1
ocCANsion,3
Unbidden,1
hazebro,1
AIPAs,3
higky,1
wowingly,1
hempy,2
descibe,2
turbiduous,1
roastness,1
EyeChartBrew,2
BigDog,1
disspiating,1
arona,1
Drinkibilty,1
Hodgin,1
cmrillo,2
stongly,2
exten,1
thanksfully,1
Smokestake,1
IBGF,1
Geoi,1
midswallow,2
concerened,1
ingredientsstill,1
mouthfilling,4
Coppor,1
BrewZZi,1
butterscoth,2
boubon,2
nver,1
weyerbacker,1
rememberin,1
Leesfest,1
brouwerij,1
abbaye,1
especsso,1
chocolatiness,2
Qualms,1
Barronkr,1
hopdog,3
acridity,4
beerdeep,1
qaulity,1
Fidy,15
UNFILTERED,1
Yummmm,1
tangarine,1
PILS,1
Glückauf,1
spezial,1
Kräusen,1
Schaumkrone,1
Trilliums,1
coolship,2
wonderul,1
eliixir,1
taongue,1
acheives,1
youghurt,1
Abbbp,1
burnheartsMKE,1
Fà,1
linguid,1
creast,1
Bamburg,1
EvilTwin,1
amareto,1
RnH,1
stonier,1
scalzo,1
regz,1
cononut,1
worls,1
Ölvisholt,5
Brugghus,5
Skjalfti,10
reflrects,1
chunga,2
laacing,1
ciffee,1
bice,1
tonqgie,1
Ekuanot,3
Lupmax,1
hazyz,1
flavroring,1
boardman,1
bcbs,6
dullish,1
noseyness,1
swigable,1
buckeroos,1
SPEAKEASY,2
juicey,4
Singlecut,5
Weizenbock,4
homebrews,2
piloncillo,1
fadded,1
Smuttlabs,1
discernably,1
Bwine,1
Pungently,2
cumquat,1
withg,1
Weltenburger,2
Wafting,1
juicebombs,1
Trum,2
sandwch,1
Mcmenamins,1
hoarde,1
Grapefuit,2
chugalugged,1
brobdingnagians,1
drikable,2
dobbel,1
delcious,3
Bardonia,2
mustyness,4
Damped,1
Douple,1
Brûléed,1
similarily,1
sligthly,2
annetto,1
russett,2
marashino,1
gracefuly,1
Tastycake,1
Krimpets,1
OMMEGANG,1
decends,1
chuncky,1
goldenstraw,4
pryanik,1
knowe,1
Finsishes,1
milkness,2
mildlly,1
SDPA,1
intgrated,1
detectible,7
beauuutiful,1
blossomy,1
Brewport,1
treefort,1
tastyness,1
alefruits,1
SammyJaxxxx,1
bidy,1
CANportunity,1
Docvek,1
AmeriCAN,1
CANtastic,1
Epoisses,1
CITK,1
gristy,3
Zwickelbier,2
afformentioned,1
theven,1
attcked,1
incredable,2
Verdoemenis,1
brewedby,1
MarkIntihar,1
Gotta,1
weened,1
citroucy,1
Murks,1
appleskins,4
SeaBass,1
Beifall,1
longt,1
kakhi,1
reaking,1
readilly,1
Frambwa,1
Fruittyness,1
Bevi,1
preceeds,1
Cakelike,1
CABD,1
Smoothest,4
ejoy,1
hinderence,1
roastly,1
tanged,3
schwartzbier,2
plalate,1
Hoppiest,1
resinated,2
Maudite,12
leesy,1
cery,1
consitancy,1
molases,1
mdoerate,1
Framboos,3
Troegenator,2
jammie,1
Hopsecutioner,1
DIAP,1
shandys,1
Remindes,2
Batic,1
tanqueray,1
xxipa,1
vinuous,4
woodieness,1
zowie,1
CANspired,1
MichiCANders,1
awefully,1
Heshey,1
sweeeet,2
sweeet,2
ehite,1
lerd,1
markgugs,2
Smisje,2
Deregenboog,1
unboiled,1
Mayhaps,1
fishfoody,1
rubicite,1
Schlammersdorf,1
fermentables,2
desserty,6
briliantly,1
muffiny,1
palet,1
unsetting,1
CynicAle,1
redbrown,1
beercolor,1
yeastpalate,1
exaqmple,1
beerstyle,1
Cloying,2
Scummy,1
LFDM,2
Kostrizer,1
molasess,2
syruppiness,1
schweinhaxen,1
Sparklepuff,1
frivoloty,1
effervsence,1
Goregous,1
prehaps,1
Promisses,1
alcholic,2
Prehaps,1
appearant,2
etoh,1
truckstop,1
weihenstephaner,3
resinously,1
SouthBay,1
YuleSmith,2
pinthouse,1
goodbyeohio,2
facking,1
straightfoward,1
BBVD,1
hippiness,3
HeatherAnn,5
riasin,1
Alesish,1
Lackenhauser,1
hannydawg,2
lurnking,1
raisonish,1
barly,2
koelsch,1
TheAbyss,1
swelters,1
Tyranena,6
MasterSki,2
willibecker,3
effervescing,1
offiering,1
Mouthfell,2
encompasing,1
weks,1
undercarbed,3
Transluscent,1
brewmasters,5
orangie,1
unibroues,1
underyeasted,1
chunkiness,2
subtlty,1
seidel,1
DiPa,1
qoeth,1
ALot,1
detcted,1
Trappiste,1
intitial,1
cbutova,2
vegtel,1
TomDecapolis,2
Bruocsella,2
romwarrior,1
meady,1
mopp,1
soapyness,1
TYHarbor,1
Mayhaw,1
Bowlmor,1
poure,1
datesand,1
seanpachefddfa,1
mouthpuckeringly,1
perkily,1
Jannemie,2
fuggle,2
fuggles,2
Prostman,1
ppunch,1
biscut,3
uncompassionate,1
Andrenaline,1
brule,1
mouhfeel,3
beligan,2
syruplike,1
Smelles,1
diffeers,1
vanillins,3
SingleCut,2
citrusyness,2
smakawhat,1
cirus,2
definiately,1
spicies,1
texure,1
Forestinne,1
pinesol,3
vineger,1
hopbomb,1
Champps,1
brwon,2
Nerax,1
lactobacillis,2
STOUT,3
snakefruit,2
Ornagish,1
apperitif,1
fliptop,1
salinous,1
BrewerB,1
Plinys,2
vigirous,1
BeerFest,1
nonexistant,2
aromoa,2
Spinnerstown,1
siddernt,1
sessioners,1
Smellin,1
Tastin,1
smackin,1
nflmvp,2
CaseyK,1
asmokingoat,1
BBBW,2
rosiny,1
witbeirs,1
drseamus,1
bret,2
Astrigent,1
nitroed,2
Guinesses,1
chewey,11
Brickskeller,5
aficianado,1
SeaofFloydster,1
Niiice,1
smoooth,5
hazlenuts,1
Lambics,5
fiinsh,1
dimished,1
shuggas,2
cakeyness,1
ritch,1
UncleJimbo,1
ABAs,1
NathanBeets,1
velvetty,1
stule,1
laff,1
giigity,1
jeroboam,1
packey,1
unibrew,1
boilerbeer,1
Honeylike,1
Barreling,2
Booziness,2
taughted,1
haylike,1
Ommengang,1
berlinerweiss,1
BeerBeing,1
tontaste,1
twinsdaddy,1
dissapate,1
dangrously,1
Missoui,1
truh,1
lupulins,4
Kellerweis,1
Vinegary,4
cabontion,1
shouls,1
suggestiong,1
bottleshops,1
Eurpoean,1
crabonation,2
Cloudyness,1
darkamber,1
Vineous,1
BeerFMAndy,1
hoppily,1
goodneess,1
prersent,1
graperfuit,1
Steenberge,4
BBBL,1
Followd,1
edgily,1
keystar,1
Overally,1
rentetion,1
Flavorwise,2
fiarly,1
roundess,1
weißbier,2
liiittle,1
flavori,1
spottiness,3
smellwise,1
Yowzah,1
Oddside,2
greatfulbeerhead,1
Bevie,1
HOTD,7
odviuously,1
sauv,2
SImilar,1
summerglow,1
citruisy,1
bitterning,1
Decervecitas,3
CNED,1
Doppelstickes,1
JohnnyHops,1
Tanakaya,1
tangering,1
slighlty,4
Brawleys,1
estensive,1
opinio,1
wont,1
Pilgim,1
lindemans,4
jmheart,1
Cocoas,1
MiguelMandingo,2
Perkuno,1
superspak,1
bubblier,3
zingier,1
sleepydave,1
McK,1
nawleens,1
afternotes,2
entoufee,1
franklinn,2
Dubhs,1
jiggering,1
seethru,2
Puors,1
deffinately,1
goign,1
melanodins,1
Weihnachtsbier,1
hoilds,1
enemaored,1
highligjts,1
michigans,1
kuhnhenn,1
Tastedmuch,1
pickins,1
raisiney,2
Slushys,1
fidos,1
hopsilicious,1
DIPAS,2
disticnt,1
swarzbier,1
Vry,1
perfecty,1
Chicharon,1
Oersoep,1
Caramelish,1
willybecker,1
Aprihop,1
crellmoset,1
robost,1
mouthlfeel,1
TheGent,1
flittering,1
GoldiLocks,1
lthough,1
Somrwhat,1
broen,1
cannabic,1
Fruitier,1
pinefields,1
PtE,4
BeautifulBeers,1
BurySt,1
stankier,1
Wakefest,1
SCORTCH,1
sulfury,1
Bobbique,1
thivk,1
concider,1
circumfrance,1
DDANK,1
coffeee,2
stylie,2
hurnt,1
texturer,1
Flexabull,1
luxuriuos,1
speyside,1
NOTF,1
veyr,1
Pluots,1
Alamanc,1
VotHD,1
pluot,3
housestyles,1
bottleshop,1
GDBC,1
Trapist,1
Uncoil,1
Dankity,1
DANK,2
hudsonphotog,1
chilzwel,1
hoppe,1
tayner,2
overrall,1
kels,1
fafdes,1
motuhfeel,1
creamywith,1
Maproom,1
ctirus,1
leftmindedrighty,1
bscuit,1
refreshingness,3
juicynesss,1
yeastly,1
MsSara,1
disapears,2
Reenders,1
Kidadam,1
applys,1
notcieable,1
immanently,1
suprizingly,1
defenetly,1
buybthis,1
plisner,1
Tastewise,4
carboNtion,1
Theeefore,1
Aass,3
SWEETNESS,1
citic,1
drikibility,1
stetching,1
Lightens,1
licorish,1
mugfull,1
Monkish,7
realing,1
típica,1
fruta,2
marcados,1
integrado,1
resultando,2
ligera,2
trago,1
tampoco,1
levantar,1
pasiones,1
butiI,1
urwithdave,1
tingely,1
blackbeerd,1
ozer,1
Postscriptum,1
Nebver,1
espectable,1
Diegoacized,1
ADWTD,1
finihs,1
verly,1
retent,1
Sendik,1
occaision,1
urbock,3
pinksh,1
Tinnie,1
Jimmyb,1
Luciérnaga,1
pech,1
fizzier,1
Funkatorium,1
IBUS,2
Biersch,1
Beglian,2
Sublimely,5
Migrates,1
frui,1
reallynever,1
nuttines,2
Mouthfilling,1
caoco,1
Beersel,5
suped,1
Kreik,1
unusualness,1
BVDL,2
sumabitch,1
Kegged,1
microbrewed,2
ubber,1
floyds,7
Mailliard,1
immensly,2
Robustly,4
studily,1
droppy,1
gourdy,2
doppelebock,1
wamer,1
brany,1
Nuggett,4
heathbar,1
SKÖLL,1
mahony,1
beercollor,1
seeable,1
carramellic,1
maltaroms,1
sugarsweetness,1
nutbread,1
esqe,2
inventivness,1
fumeyness,1
cannned,1
MALTS,3
Melanoidin,1
SAPHIR,1
Krombacher,2
Köstritzer,1
whlie,1
Belmonth,1
Tayner,1
dougofthefuture,1
pepperish,2
Straffe,3
Brugse,2
SEGUNDO,1
overwelms,1
rotton,1
drinkfest,1
onch,1
Caked,1
ETOH,1
Zeelund,1
bodyis,1
definetaly,1
advertisted,1
Innsbrook,1
plae,1
Trogners,1
Trumer,1
Mineraly,1
deleriumfest,1
dubbely,1
etheral,1
Intriqken,1
boquet,3
Orluns,1
borish,1
Crisply,1
globby,1
Bierkoning,2
maits,1
dicipating,1
sweetwith,1
aggrerssive,1
spycow,2
Wowcoolman,2
moleasas,1
Jebelation,1
Johntown,1
Sessionbeer,1
effervescenece,1
Naturtrub,1
heffes,1
Funkyness,1
Motuek,1
oakie,1
broo,1
ringy,2
foaminess,2
viscocity,1
inoffensively,1
fidy,4
Allagashes,1
caocao,1
Burgandy,1
gobsmacker,2
skunking,2
BELGO,1
gripitandsipit,1
cranbic,1
hilghlights,1
chouffe,3
suculent,1
throuought,1
Reocommended,1
Feloniousmonk,2
suldaddy,1
freshing,1
rubied,1
forfront,1
enjoyablility,1
Zwickel,4
Beerlando,1
mury,1
cualiflower,1
extaordinarily,1
proifle,1
tulipglass,1
vinegarr,1
interplaying,1
Citrussy,3
syle,2
Flattens,1
orangsicle,1
notrs,1
egrace,1
Berlinner,2
berlinner,2
slighltly,1
asrtringency,1
savord,1
OFYMD,2
Likable,1
caSSino,1
aasher,3
dIPA,3
sustanance,1
mahongany,1
Gebotteld,1
alomst,2
Sweemzander,2
Sweem,1
belinner,1
twistoff,1
Liviathan,1
sholder,1
turibd,1
cosaco,2
Cosaco,1
exmaple,2
rereshing,1
RIPs,1
enoyed,1
Ryed,1
barefootbrewer,1
dankish,1
rwo,1
Alstrom,1
BXL,1
pressence,2
salmiakki,1
geueze,2
Toostie,1
airplaned,1
offerrings,1
pumpernicle,1
thurenger,1
Malnatis,1
arizcards,1
Namton,1
heaad,1
Drinakability,1
Berleiner,1
Basicly,1
withSweet,1
tradion,1
qurter,1
Stickier,2
deceny,1
mustier,2
LeBleu,1
Simco,1
Rockhead,1
Wytch,2
hoppypocket,1
dishsoap,1
rauchs,1
charactered,1
spicery,1
refermented,2
backbonethat,1
exton,1
tingley,3
MilkShake,2
brothercannon,1
gooooood,1
withherbal,1
Meixcan,1
Unexceptional,1
chuckanut,1
pFreim,1
cuvees,2
lemmon,3
Barfwin,1
Igian,1
Dopplebock,5
Thirstybird,3
caronated,1
Cheesiness,1
Scharbeekse,1
slickens,1
chocolatet,1
pickly,1
botteld,1
beerographic,1
nearning,1
floweriness,2
macrobrews,1
VENGENCE,1
ATTEPT,1
beachwood,2
Gueness,1
raosted,2
deliscious,1
buyong,1
Bourbonator,1
Callmecoon,1
callmecoon,1
Jables,2
QUite,1
flavos,1
TIIIIIIME,1
PLEASEEEE,1
bouyed,1
Hoptinger,1
Cylinsier,1
viscuous,1
athinkin,1
Bainard,1
tnx,1
ccb,3
dryhopping,3
dujayhawk,1
buscuits,1
bothell,1
middleways,1
ringlike,1
perefct,1
suttle,2
Doppels,1
thisone,1
butterscotchy,1
wekk,1
retetion,1
consdirable,1
dimensionable,1
juuuuust,1
Alborg,1
Akvavit,1
pillowing,3
burliness,1
claystation,1
Diagathyramb,1
angain,1
Leyendo,1
oleosa,1
dulzor,2
acaramelado,1
incita,1
Vanillamike,1
eque,1
Cloudwater,1
WCIPA,7
AKSmokedporter,1
Adola,1
cololred,1
goldn,1
Boatloads,2
sludgey,2
leftoer,1
Pseudosue,1
prodominent,1
dissapers,1
previlant,1
carbonatoin,1
smokiest,1
masstone,1
realitively,1
drinkablility,1
Tiramasu,1
buckwheaty,1
umaminess,1
coffeeness,1
Weissbeir,1
extraing,1
Rasins,1
Crabapples,1
rasins,4
discrepencies,1
exreme,1
citrussyness,1
carame,1
freakcake,1
earlynunfection,1
pineappley,1
deee,1
Cardamon,1
chalkyness,1
asprin,2
Märzens,1
earler,1
honeylike,3
jawzman,1
Myrcenary,1
aporcot,2
kaluha,4
JREAM,1
cacoa,4
loafy,1
weizenbocks,2
imperceivable,1
Kulminator,2
Rabarber,1
jeepcop,1
tuliip,1
coffeelike,1
alcahol,2
Longhots,1
commingles,1
Westys,1
Rocheforts,1
carmael,1
taosted,1
cocoay,1
vanillas,2
figish,1
prepareation,1
onsaught,1
jealouschalice,1
mrvonzippers,1
champainge,1
raseberry,2
oveall,1
NorthernTimber,1
powing,1
langunitas,1
flollowed,1
sahrp,1
flav,1
crushability,1
hazebois,1
beardos,1
huna,5
poundin,1
astringient,1
RIver,1
thouseands,1
juic,1
Eviltwin,2
rasputin,1
ruskie,1
berzerker,1
vonschplieffen,2
Propagator,1
freshy,1
Niely,1
aflush,1
beeautiful,1
clov,1
pumkin,8
reilient,1
Chocolately,1
nutmegy,1
Orangesol,1
SweetWater,2
Cloudier,1
jethrodium,1
Keans,1
JohnQVegas,1
bbabw,1
Clusterfork,1
POurs,1
lemonhead,2
sideshowe,1
FoFA,1
prescent,1
Gaisgeil,1
BiF,1
littleore,1
balanc,1
khasa,1
EPic,1
burgunty,1
bronzen,1
husken,1
candylike,3
monsterously,2
presnece,1
butends,1
odell,2
Hitachino,4
beatuful,1
nicley,2
calamel,1
sneek,1
fruiter,1
aftertast,1
beerthday,2
CANplaining,1
ChANce,1
sudsier,2
Modist,1
Blackstack,3
Glagow,1
incarnadine,1
behemothic,1
uniformily,1
Waft,2
Toffeeish,1
Decocted,1
Hallertauer,5
poundcake,1
carbonaton,2
azacca,1
tases,1
relativley,2
Beertemple,2
carmonation,1
smanrob,1
Appearnce,2
flovor,1
DiveBar,1
midde,1
Quaffer,1
Hefeweissbier,1
unroasty,1
Wheatiness,1
Deffinately,1
scharwzbier,1
northaustin,1
citruusy,1
animalia,1
Ziggens,1
TranceFusionRadio,1
Jenlain,2
apollokim,1
tawn,1
nonsence,1
DreamCrusher,1
khumbard,1
Unblended,1
Weihenstephaners,1
Starway,1
russion,1
chilpotle,1
decocted,4
STLStoutAddict,1
Boozey,4
Chocoalte,1
stinkyness,1
Uniboue,2
maudites,1
rinde,1
cirtusy,3
excuted,2
smeel,2
Bicuit,1
stubbie,2
petillant,1
hopef,1
HAZELNUT,1
Hoperandi,3
feintest,2
coloratin,1
beercellar,3
chswimmer,2
Drafhouse,1
immort,1
posessed,2
persay,1
comands,2
Perfumey,1
pisgah,1
hoopiness,2
enviorment,1
CANmenced,1
underlit,1
vsicous,1
poundable,3
barnyardy,2
scnet,1
Deschute,1
alocohol,1
headier,1
Fitger,2
handpull,3
brashy,1
handpulled,1
stip,1
Woderfully,1
slightlest,2
Guezue,1
lightstuck,1
POured,1
whote,1
glavor,1
compaired,1
tburkhart,1
barraging,1
smokeable,1
Funkwerks,1
slightish,1
maplewood,1
Snowcase,1
Crosling,2
cellarish,1
nighcapper,1
Xantus,3
gloops,1
aaarghh,1
Mittlefrueh,1
PEar,1
mollassas,1
moslty,2
RblWthACoz,1
BBrianBoogie,1
jiucy,1
atwo,1
reminicient,1
Cellermaker,1
satisying,1
Ommegangs,2
rootiness,1
tequilla,1
bodddyyyy,1
Yesssurrr,1
Soonafter,1
nonstout,1
Fluffly,1
stomaching,1
Breckentidge,1
Initally,2
hazers,1
starchier,1
wothout,1
fnull,1
Holidaily,1
perchant,1
dextriny,1
Mojiko,1
beerie,1
precisley,1
starkingly,1
krieks,1
Hopwired,2
sasion,2
LaChouffe,1
hpouts,1
Drunkability,1
defiitely,1
Palte,1
Slyrs,1
Offwhite,1
bubblegumy,1
Kumquats,1
lond,2
PPitras,1
farily,1
smoewhat,1
boided,2
Macado,1
AppearanceL,1
conistency,1
Boolshot,1
sweeted,1
Grasy,1
samplind,1
deeep,2
Mouthfeels,1
Smithwicks,1
Tubbing,1
NCBeerFan,1
pocwolf,1
SLOOP,1
wooshop,1
pver,2
brioce,1
triumverate,1
Avylover,1
sibylline,1
titanically,1
Geuze,7
winelike,4
Crafthouse,1
Frozfrut,1
Bubblicious,1
Revrend,1
CIncy,1
Charlottsville,1
grapefuity,4
flavo,1
otehr,1
corriender,1
Artesanal,1
Frangelic,5
barrista,1
mammothly,1
jdense,1
LSTFO,1
relunctantly,1
intensly,1
bocky,1
shbobdb,2
maltedness,1
trusy,1
MUCHO,1
Grotten,1
Humalupalicious,1
beershop,1
caramellic,1
netural,1
swertness,1
uofront,1
glueish,1
Schenkerla,1
molassess,1
dentable,1
philonthropic,1
slammable,1
coasty,3
probobly,2
carecteristics,1
skyhand,4
finsihing,1
resaon,1
decribtion,1
decribing,1
oine,1
thicking,1
rediculously,1
gulpable,1
Drinkabiity,1
agaig,1
combintation,1
fsandwiches,1
pepperjack,1
Wursthaus,1
Fringante,1
Hefeweizens,4
miscolored,1
aromawise,2
Fermenation,1
Zatte,1
mntlover,1
McMs,1
McMenanmins,1
sublty,1
glinty,1
palatably,2
Clumpy,1
Astringency,1
superceding,1
ammonification,1
funkydelic,1
Brekle,6
cinoamon,1
cinamon,2
Rerally,1
dayyyyyys,1
excelllent,1
crackerlike,3
unattenuated,1
averys,1
fomay,1
lemn,1
pricer,1
pearler,1
seagues,1
friuts,1
doughniness,1
Lacework,1
CANming,1
seCANds,1
CANdy,1
exbeerienced,1
CANmingled,1
enCANage,1
rauchbiers,3
Sticke,1
Cabbys,1
Effervesence,1
Unmistakeably,1
Drinkbility,1
Definte,1
iipa,6
Imbibed,2
NeroFiddled,1
Mymymy,2
caramek,1
bitterneess,1
kellerbiers,1
CoolJosh,1
Treyrab,1
SierraGS,1
tanin,1
Unbelieveably,3
autumnlike,1
Goldorak,2
TOns,1
Pimped,1
Kleveland,3
cococa,1
wonderfuly,2
Feuillien,2
cramy,1
carress,1
assumento,1
biscoti,1
BierCaB,1
Cervezas,1
Yria,1
swollowing,1
ratskeller,1
ferillo,1
torwards,2
NotLA,1
BrewCo,1
seltzery,1
drippling,1
deliciouso,1
bavik,1
broadacres,1
Omnipollo,2
Goeien,1
dolle,1
gawddamn,1
Haweskbury,1
quiclky,1
rasperry,1
mightly,1
rhind,1
schwarzy,1
grapefriut,1
rpofessionality,1
pumking,2
vegetabled,2
Laugunitas,1
slcohol,1
guestimates,1
brazillian,1
nostrel,1
cedary,3
JOs,1
Wurzburger,1
Fallfest,1
Dohaeris,1
cepillos,1
dientes,1
espectaculo,1
lupulo,1
implementado,1
biggly,1
smoothish,2
Occaisional,1
devitos,1
Creaminess,1
defenitely,1
nogne,1
berrys,2
headwards,1
puckeryness,1
Lupulins,1
SatlyMalty,2
Hopworks,2
Haziness,1
particullary,1
unusaul,1
chocolatte,2
Xocoveza,4
predominatly,1
beershake,1
JazzPatel,2
Gurudel,1
spitzy,1
spirtzy,2
dextrins,2
tranlucent,1
Bischofshof,1
PrAlat,1
thisle,1
aromma,1
burbon,6
flavers,1
mindblower,1
carbaonation,1
Glugs,2
unassumed,1
grainier,1
sconnie,1
aroam,3
Raisens,1
Phenomenally,2
mabye,1
GTotMW,1
trbeer,1
Yellowed,1
sludgier,1
bourbs,1
FInish,1
discript,1
beartender,1
babydoc,2
foloowed,1
Alewerks,9
Pumkin,1
foreeeever,1
phillyswear,1
lacingsamll,1
monsterous,3
especailly,1
CaraPils,1
Braunwirth,1
excersize,1
Mellower,1
HogHill,1
caramalt,1
Chinooky,1
Murcky,1
doublec,1
dispates,1
vanillia,2
sprigy,1
pouffy,1
Frugles,1
futbito,1
viendo,1
Sensacion,1
aguada,1
combinada,1
garre,1
PatYoda,1
dimenstional,1
humulone,1
edgi,1
BOTW,1
hoppieness,2
prunish,1
consistentancy,1
donkee,1
tolarable,1
Sippable,1
OddSide,2
Rochefurt,1
decants,1
Dunkels,1
grainbag,1
Cafeeke,1
slaught,1
sweems,1
appricot,4
biggness,1
bottem,1
unsweeteded,1
oversmoked,1
ashey,1
germen,1
Mikerphone,3
drining,1
innumerate,1
McChouffe,1
Mellowed,2
Speiglau,4
ertfully,1
toronado,1
Detracts,1
pliny,4
flaovr,1
clingly,1
roughess,1
charpentée,1
puib,1
indistinguishably,1
visisted,1
gulpin,1
Yesindeedy,1
suuposed,1
Deferens,1
Chlan,1
wrmed,1
Dithyramb,1
pkgd,1
lacng,1
beerv,1
strage,1
unexeptional,1
Baltique,1
wiezen,1
cascadeing,1
YUUUUMMM,1
subsitution,1
unflavorful,1
burntness,2
biggerness,1
burntish,1
chlorophilic,1
nowZ,1
Sharpski,2
millk,1
unnoticable,1
Amberish,1
Lupulus,1
Pinesol,1
Breakside,1
sopapilla,2
craddle,1
pithiness,2
DeCiccos,1
TBrink,1
gingerbreadiness,1
Glugability,1
catbonation,1
billverstein,1
weise,1
hods,1
qutie,1
DBIPA,1
satisifying,1
giner,1
turpenes,1
Mrbendo,1
CooperEllis,1
Buckeyeboy,1
humpday,1
Pannepot,7
Gingery,1
Cerveteca,1
pulpiness,1
Luxalune,1
Hazier,1
Maibocks,1
citrous,5
FERMENTED,1
BRETTANOMYCES,1
PEDIO,1
STRAWBERRIES,1
BOTTLING,1
expection,1
berrries,1
accidic,1
bitterfest,1
comeptitive,1
pootz,1
crosamich,1
oatss,1
Andechser,2
eback,1
foudation,1
raisan,1
exspecially,1
Puckerfest,1
retaind,1
CERBERUS,1
vinousness,3
Mittelfrueh,1
cohumulone,1
tBruges,1
Ottin,1
TheManiacalOne,3
hefewizen,1
doughyness,1
disippates,1
occurrance,1
aboslutely,1
halbe,1
balancingly,1
comperable,1
kamakazee,1
Thinnest,1
BlackSparrow,1
DogFishHead,1
blen,1
SPBW,1
crispifies,1
Wiemax,1
hersheys,2
bitternenss,1
capuccino,2
Wadda,1
unfermentable,1
clarifys,1
chocalte,1
beergeeks,1
ovaltine,1
melonish,1
fruitbombs,1
lemonheads,1
merrangue,1
Surprsingly,1
understoof,1
coldish,1
ppoured,1
Agressively,1
honeycrisp,1
slighttly,1
cohume,1
Naturtrube,1
BitterCreek,1
Barelywines,1
basementy,3
Wiseblood,1
Scotchy,1
Amply,1
KJUBZT,1
chardoney,2
abascio,1
bottlerocket,1
whiteperson,2
patronship,1
Boozyness,1
Maierbock,1
Carastan,2
Gaurdian,1
reautopsy,1
pinacle,1
Doodler,1
BCBSC,1
Heffeweiss,1
brownness,1
saisony,1
FYIPA,1
smellable,1
acridly,2
cocoaish,1
chemy,1
luplin,1
disaptes,1
Unfiltred,1
Countains,1
cloudness,1
hefeweiss,4
sierrva,1
ReplicAle,2
dexitrins,1
cornholing,1
ingraving,1
relitively,1
weakish,1
indicitive,1
boralyl,2
Heavys,2
pomello,2
outnforna,1
expatsteve,1
GBBF,1
Breaksides,1
corrainder,1
Oerbier,1
Dulle,1
Teve,1
farenheit,1
tappioca,1
dubbers,1
Gumballhead,5
hoopy,1
apertif,2
citruws,1
Womencansailjustfine,1
Lizardville,2
Tørst,1
verk,1
aggresiveness,1
arond,1
morderate,1
Harmstead,1
Alechemy,1
Blackfriar,1
Ooooohh,1
okto,1
Tobasco,1
maltless,2
vinegaric,2
tofeeish,1
carameled,1
inventsituations,1
Vancer,1
intesne,1
lliquor,1
pumpkn,1
kkulacki,2
Loterbol,1
growlered,1
Tabernash,1
addd,1
piucker,1
Certianally,1
Smoothn,1
Whimple,1
warmingalcohol,1
Begliany,1
chadcsu,1
ofbread,1
aficianados,1
loyals,1
samr,1
MacGegor,1
laked,1
Sahti,2
AbV,1
luxorious,1
inhances,1
ingedients,1
nige,1
minimsl,1
rubiness,1
desne,1
Tnx,1
gtreid,1
Banannas,1
Blotchy,1
cappped,1
Berlinerweisse,1
musken,1
peasing,1
bitterwseet,1
tasts,1
Carmely,2
throwght,1
plumy,2
Roated,1
Uvinum,1
Pankakes,1
gimmickish,1
Proost,1
Gezondheid,1
UnTappd,1
toaste,1
sticke,1
sime,1
ctrus,1
squinched,1
westcoastbeerlvr,1
SkyDoc,1
cavorts,1
Tullycross,1
Masterski,2
haed,1
Onsight,1
aqnd,1
perfumyness,1
Complexly,1
excentuated,1
dakr,1
smokyness,1
Bitterhops,1
garpes,1
GRanny,1
lacicles,1
undernotes,2
extemely,2
firestones,2
underflavored,1
Ziegenbock,1
Spirts,1
punps,1
nive,1
withdrawls,1
SABL,1
Liefman,1
Frambozienbier,1
leving,1
interestng,1
Appeance,1
jzeilinger,1
DunganA,1
Azzaca,1
Spidery,1
MBCP,1
Dugana,1
beerheaven,1
candimsugar,1
Drinkablility,2
sassafraz,1
tingyness,1
clovy,2
pompuous,1
ColoradoBobs,1
banilla,1
nutmug,1
DICKHEAD,1
precence,1
pouridge,1
hopyness,1
BevCo,3
definitation,1
ambue,1
Mputhfeel,1
geebus,1
failrly,1
restrainedly,1
Hoponius,1
lighty,2
pinapple,8
hallertau,2
liqourishy,1
erdings,1
jiuce,1
slgihtly,1
Kindof,1
treesap,1
cerealy,2
ricey,1
MURPHEY,1
cloduy,1
highdesertdrinker,1
Ambergeddon,1
BYOFB,1
inCANlusion,1
CANtents,1
CANderstood,1
CANdministering,1
bourban,1
belma,1
entricate,1
Perkulator,1
summe,1
alderwood,2
ebs,1
Pissenlit,1
slightness,1
ParkSide,1
SAAAALUTE,1
PaulK,1
tognues,1
SLEEPEЯ,1
titude,1
nutt,1
Jdiddy,1
urrbudy,1
carnobation,1
Broiling,1
carbonationand,1
weekencd,1
feeelin,1
mld,1
Grrrz,1
astrigent,1
Jewbelation,2
Outstandingly,1
keemun,1
Gueze,1
slipperly,1
Martys,1
warmingly,1
campari,2
yeatiness,1
Suprised,3
undertaste,1
JHBH,1
delighful,1
disect,1
courseness,1
balnaced,1
PricePoint,1
leait,1
fisnish,1
bisquit,1
Einstok,1
Olvisholt,1
mandarina,1
Mandarinav,1
womencantsail,2
CANtinuation,1
CANvalescence,1
Caramalt,1
Viek,1
Terruex,1
MatttYCE,1
Lousiville,1
JahVa,2
Choklit,3
ugli,1
smokeynist,1
expediential,1
werse,1
gluping,1
overhopping,1
phils,2
blasamic,1
Gueuzes,2
heffe,1
Warriorsoul,2
anone,1
Stoup,1
coachmens,1
Evbowski,1
CanConPhilly,1
approahing,1
Eeeeveryone,1
Conspicously,1
initiaily,1
Beerthday,1
raisinettes,1
charactor,1
HVs,1
richbrew,1
Sauv,2
snifterloudy,1
Spleeb,1
hopslam,2
crustiness,1
woodspice,1
woodspices,1
chocoatey,1
ubercarbonated,1
Wardsboro,1
phenos,1
Frazbri,2
maouthfeel,1
gusva,1
errrr,1
churchkey,1
SIPtemberfest,1
Vinum,1
dahhhk,1
McMinville,1
Blithering,1
boompbbom,1
sierna,1
Nearfest,2
Morglbl,1
Hyakkei,1
sliky,1
FunkyMacGroovin,1
Bendurgin,1
Martime,1
beginings,1
Seigneuriale,2
reputably,1
othewise,1
finisheing,1
JISurfer,1
crackerish,1
blabaer,1
champange,1
ArthurPendragon,1
Mustageers,1
retsinis,1
stylee,1
Addictively,1
maynbe,1
lemoniness,1
clowdy,1
stcks,1
Festbier,2
Festbiers,1
Ditmier,2
deffinatly,2
fragant,1
cariety,1
breakside,1
Sweetnened,1
beeryish,1
webwork,1
Hooh,1
monsterfat,1
Herbaceousness,1
pepperyness,2
Speedways,2
tropcial,2
pedioccocus,1
Perfumy,1
sirpsycho,1
Gaffel,1
blitzkriek,1
JohnnyP,1
mouthfee,2
screwtop,2
gentled,1
peanuty,1
shnoz,1
refeshing,1
unbarreled,3
aaround,1
ffollowed,1
Oaktoberfest,1
Krekling,2
HaandBryggeriet,1
Hesjeol,1
crowberries,1
controversi,1
DEGUSTATA,1
LUPPOLATI,1
STASERA,1
RITROVATA,1
SPINA,1
ESERCIZIO,1
PUBBLICO,1
MENDRISIO,1
BELLISSIMA,1
SORPRESA,1
NASO,1
RICORDI,2
AGRUMI,1
ACERBI,1
SENZAZIONI,1
FRUMENTO,1
MALTATO,1
SECONDA,1
BATTUTA,1
PEPERONE,1
FRESCO,1
APPENA,1
TAGLIATO,1
BOCCA,2
PBEVA,1
MOLTO,1
ARMONICA,1
MEDIAMENTE,1
LUPPOLATO,1
PIACEVOLE,1
LASCIA,1
PULITA,1
FLAVIANO,1
shapshifting,1
charachter,2
sugarm,1
smokeypeat,1
forawrd,1
Weez,5
amoun,1
Hoptimum,6
Hoptiumum,1
mnbearsfan,1
Cranbic,2
knäckebröd,1
bittery,3
VERRRRY,1
Bretta,1
Iperial,1
hoppiess,2
preconcieved,1
Creekhouse,1
GrilledArtichokes,1
Mouthpuckering,2
anfd,1
thge,1
flavort,1
suggestes,1
Taaang,1
tidge,1
cramsicle,1
Overtaken,1
coaly,1
liittle,1
Desent,1
sweetenend,1
herbally,2
cookieish,1
snappishly,1
fileds,1
cocktales,1
sweetarts,1
wolop,1
CANBIF,1
semicloudy,1
cascady,1
settes,1
yeat,1
licrocie,1
GigaBoss,1
cantaloup,2
forerunning,1
assumably,1
adjucts,1
mnjeff,1
toasy,1
Rougue,1
BierGarten,1
JJDGA,2
palat,1
suppa,1
darknfruit,1
bwcomes,1
appearent,1
intesity,1
Moderatedly,1
Riverwest,2
andfinally,1
stingingly,1
Nøgne,1
mørke,1
rugbrød,1
beerdom,1
resenous,1
bourbonyness,1
figgyness,1
yummyness,1
responsibiliy,1
uncomplex,1
butpurchased,1
Czeck,1
beefiness,1
chcolates,1
FInland,1
Ontap,1
chocoalte,2
fiant,1
Finsihes,1
Pwoods,1
prsence,1
reamin,1
cítrica,1
rascona,1
facil,1
acabado,1
Yetti,2
Velocihoptor,1
Marshmellows,1
bogishness,1
peaten,1
pinesap,1
jubiliant,1
saissons,1
sirty,1
chewie,1
wookiee,1
cristalline,1
biy,1
bottlecap,2
cardboardy,1
Miniscule,2
marrinade,1
wheatie,1
bachdrop,1
Choclate,1
jayli,1
istself,1
grainly,1
ferm,1
SSRA,1
imperail,1
beglian,1
grapefuit,3
cappicino,1
Zembies,1
Dwntn,1
RBESG,1
IGreat,1
ramnuts,1
stygian,1
baggot,1
goaty,1
berlinerweisse,1
ShogoKawada,1
pinkinsh,1
woodjjacct,1
intreguing,1
tinyest,1
Highfalls,1
rosemarry,1
modetate,1
kirschwasser,2
Puckery,1
quanitites,1
Pasja,1
kokosawa,1
WUSSIE,1
tryhard,1
supersmooth,1
pluerry,1
beerified,1
prettt,1
smokebeer,1
nonretentive,1
Hopfenstark,1
OAY,2
EOAY,1
visibile,2
modeately,1
MtGoat,2
kellerweis,1
weizens,1
franziskaner,1
aventinus,1
Hibernus,1
BInny,1
diacytl,1
unforgetting,1
underpining,1
Larged,1
diguised,1
Fuity,1
SQUALL,1
ouncers,1
mutliples,1
CRAK,1
esteriness,2
taphouse,1
Sensationally,1
aroudnt,1
Breattanomyces,1
Freshies,1
loks,1
bspa,1
appearently,1
borubon,2
Defiently,1
Texturally,1
iipas,3
IronDjinn,1
Pootz,1
approproate,1
sasafrass,1
wroing,1
Rerated,1
penatrate,1
esspresso,1
Twords,1
mooth,1
eyebereej,1
Prototypical,1
Intensily,1
anniversarys,1
Crowlers,2
Choka,1
bbomb,1
desewrt,1
bellweathers,1
overwhlem,1
typcially,2
undoubtebly,1
stayes,1
fumey,1
Omegang,1
finsihed,2
ATLbeerdog,1
elese,1
oakier,2
portier,1
candish,1
dispalys,1
chewyness,4
Rubicite,3
Rofue,1
Sieera,1
Moylans,1
splended,1
conditoned,1
hunah,1
murked,1
ballanced,3
perfectionate,1
thecouple,1
foamiest,1
diagree,1
alloe,1
appleness,1
ahhhhhh,1
BAAMM,1
cannibus,2
reallpy,1
caremelly,1
thorouly,1
pinnapple,1
motuh,1
grapegruit,1
Schaarbeekse,1
vanillla,1
SMTFU,1
tablelambicpils,1
Ghardelli,1
rebrews,1
definitlely,1
HopHead,1
bannas,1
exqusite,1
soapsuds,1
Mochachino,1
economized,1
cmorton,1
supurbly,1
GTMW,1
discerne,1
marsipan,1
sterotype,1
burdgunian,1
carboation,2
gorgous,1
bubles,2
Ghinste,1
jpmclaug,1
Toronados,1
citrius,3
Nocturnum,1
chewiest,2
EchoCharlieEcho,1
Beautful,1
Loowit,1
BREWERY,1
rapadura,1
BCBVS,2
Aqula,2
undectable,1
distriution,1
fiziness,1
lemonic,1
Bannansa,1
klevelandrocks,1
noticible,2
magiacal,1
Blackbeerd,3
Embodies,1
alcoholish,2
ACBF,2
Apperence,1
dubel,1
transparancy,1
baige,1
nutbrown,2
tahitian,1
sweetart,1
Citrous,1
coates,2
thiccck,1
adwtd,1
thanI,1
Celeja,2
rewiewers,1
Wimbeldon,1
Finestkind,2
Santiams,1
Kunheinn,1
NolaHopHead,1
brn,2
marrriage,1
Artaic,1
terrior,1
quanities,1
personallly,1
distinguisable,1
chocolatety,2
cinnamony,2
sudle,1
Einbecker,1
WiLd,1
zAnY,1
Spieglau,2
Caracole,2
almott,1
brutalfarce,1
raspberrys,5
Coudy,1
jalepeño,1
Gooze,1
Yeeah,1
molassessy,1
celabratin,1
antstanding,1
itssweetness,1
gluggy,2
FIDY,3
WeeHeavySD,1
Gourmande,1
lemonbalm,1
apricoty,1
Deliverating,1
Tangfoot,1
CAFTW,1
compatre,1
bourbob,1
famliar,1
Fontainas,1
Verzet,1
GAHD,1
whitepepper,1
wheatishness,1
Barelywine,1
headcap,1
BeerPanther,1
cacaphony,1
Raspberrys,1
lightbrown,1
Armarillo,1
stouted,1
spectactular,1
lagavulin,2
floric,1
acrbonated,1
THowever,1
kellerpils,1
extraordinare,1
acrazy,1
Nevar,1
Conagc,1
combie,1
Scrapings,1
Quells,1
Sumpins,1
HeaddyTopper,1
ImpIPA,3
Soursmith,1
Tripleshot,1
PtY,2
effervescnence,1
Adairius,2
Cantillons,4
orande,1
Uerige,1
doubleipa,1
icewine,1
disipate,1
hoppymcgee,1
scotchish,1
crackeriness,1
othr,1
Noticable,1
trapist,1
delite,1
deadonhisfeet,1
refreching,1
imagineable,2
jamocha,3
ufront,1
liminous,1
Hazey,1
Earthyness,1
Verveine,1
WPZY,1
vinters,1
allagash,2
Rickoli,1
vanill,2
easyread,1
Pashel,1
perserves,1
Siouix,1
Weihenstephener,1
crimsonish,1
underepresented,1
numberous,1
Dunkelweiss,1
Immensly,1
exagerating,1
delicousness,1
unbeleivable,3
IPAa,1
FeloniusMonk,1
citruc,1
biitter,1
beerfly,1
lurvely,1
Beligian,2
Lestina,1
raftman,3
Raftman,1
whiteish,2
RedwoodGeorge,3
wraped,1
randalized,1
Karbach,2
Cellador,1
GallowsThief,1
privaledge,2
CANquest,1
WOOOOHOOO,1
nervouse,1
LIttle,1
fruilt,1
Absoloutly,1
absoloutly,1
rainsins,1
wateryness,1
pinnaple,1
Yojo,3
GCBC,1
ProPig,1
saught,1
balanace,1
LagerFest,1
siena,1
oppulent,1
folcobanger,1
Majaraja,1
sunglow,1
Greaat,1
UNBELIEVABLY,1
tonof,1
referemented,1
StarBucks,1
KnB,1
Helltown,2
Unfined,1
DRINKABILITY,1
JJJUICE,1
LLLOOSEEE,1
hazeieness,1
backrdrop,1
Ängöl,1
extremeness,1
weissbiers,2
vsop,1
Wisconsinality,1
tanins,1
Titratable,1
Enterobacters,1
Whiffed,1
frothiest,1
Frappee,1
Andies,1
glops,1
swishiness,1
stien,1
toffey,1
caliginous,1
phenyls,1
milm,1
pretrade,1
juciyness,1
flambee,1
assymetric,1
PseudoSue,2
CARBONATION,1
Papery,1
frutal,2
sedosidad,1
matices,1
resinosos,1
integrados,1
redonda,1
Underpinnings,1
danker,2
Nebco,3
BUs,1
espreso,1
sleuthdog,1
BDay,1
Krieks,1
anneversary,1
carboration,1
carborated,1
persisent,1
greapefuit,1
lagubrious,1
nitch,1
exitng,1
ferver,1
Frampaars,2
Framrood,1
Legitmacy,1
TORIS,6
Vannilla,1
Botlecraft,1
gawds,1
persians,1
deliciouslu,1
berlinners,1
slathers,1
bitterrsweet,1
dayyy,1
lonnng,1
Stemmie,1
BIBCO,1
elkton,1
liquers,1
stranahans,1
chocalety,1
cacophany,1
Freshcraft,1
jhavs,2
errupts,1
EXPRESSO,1
mosty,1
OZS,1
blackbeer,1
Jwff,1
clops,1
lacticness,1
Awoooooooooo,1
Citruses,1
ThatWineGuy,1
pineapply,1
Mannnn,1
flacons,1
sugga,2
offgassing,1
Reutberger,1
Hofbrauhaus,1
Cilurzo,2
Bobsy,1
providng,1
increadible,1
doubtfull,1
peachish,1
Mediium,1
FUVC,1
Aporkalypse,1
Aboslutely,1
fuits,1
malttaste,1
doughiness,3
Meadium,1
FRANZISKANNER,1
HEFE,1
Fransizkaner,1
northyorksammy,3
crwills,2
ABINBEV,1
Amaz,1
heafty,1
akbeerfiend,1
grilledsquid,1
GUSHER,1
lacying,1
Drinkabiliity,1
defininitely,1
contrare,1
XMAs,1
lauginitas,1
ADPA,1
fudgesicle,1
smackingly,2
zomer,1
scource,1
liquour,2
wheatness,1
hitn,1
cmoes,1
verytasty,1
beteen,1
liitlle,1
disquises,1
Pistolas,1
Recedes,1
Hunah,1
saucya,1
beerhead,1
compair,1
Sakaroo,1
moonraker,3
resiness,1
drambuie,2
smooooth,4
Lamvinus,4
zapps,1
larsonstyle,1
juuuust,2
excpetional,1
febuary,1
jwb,1
dfpf,1
gleeky,1
blasphomey,1
GIRLYMAN,1
Dubel,1
Supersedosa,1
oculto,1
resinoso,2
marcado,1
aderezado,1
emmentaler,1
overtoasted,1
cocnut,2
Somoa,1
Dopplebck,1
hopback,2
promenent,1
WOuld,2
Spooned,1
charatcter,1
drinakbility,1
entirly,1
lancero,1
Chimays,1
sneeks,1
interperatation,1
Eastcoast,1
juuust,2
geniusly,1
smellability,1
effervecent,1
carmels,2
kristalweizen,2
brewtopia,1
BridgePort,1
tropicalness,1
Balitc,1
poter,1
greeppeppercorn,1
CHEWY,1
bews,1
whafting,1
subtlely,2
proceduralstand,1
etherial,1
Malefitz,1
beautyful,1
transluncent,1
Dosvidanya,3
beeradvocates,1
sniffable,2
perceber,1
ótima,1
McNaulty,1
Tilquin,6
Weyerbachers,1
recamend,1
ismingled,1
distinctivly,1
orfice,1
homerism,2
pinier,1
scrubbingly,1
Roughtail,1
journlist,1
maginifiecent,1
disticly,1
marze,1
Joose,2
HigherBurnin,1
Microbrasserie,1
colkar,1
fruites,1
Nickelbrook,2
Bodaciously,1
sunlte,1
flavorthat,1
sligt,1
Belgiuminabox,1
GooCubelets,1
bbf,1
Achouffe,1
terrificly,2
KBBS,10
efervescent,1
Zubs,1
bohemeth,1
swiller,1
Hefeweisen,1
PRESSES,1
approchable,1
PLus,1
dangerousely,1
Bronzy,1
WIlly,1
emenate,1
pleasently,1
cumly,1
Mannekin,1
Poechenellekelder,1
Acrid,1
hefweizen,1
cellering,2
Scuplin,1
barlewine,1
unbiasedly,1
Douglasjamjak,1
omminous,1
roboust,1
challice,1
pastery,1
wysteria,1
Aslins,1
unfilltered,1
GilGarp,1
SIGNIFICANTLY,1
Coaltrain,1
Cantaloup,2
Moylen,1
Dirtwolf,1
Microbrew,2
Mocah,1
Hugewhite,1
kronik,1
hefeweissbier,2
HyVee,2
Doppleganger,1
buyagain,1
pixxy,1
Cushwa,1
Fermental,1
horseblacket,1
horseblack,1
MaltMilkshake,1
Quenchers,1
Mexian,1
ADIS,3
squah,1
Overalll,1
hennepin,2
Magustos,1
Diabolically,1
Mfielden,1
Schaerbeekse,1
brewings,1
degarde,1
razzy,2
Lamnivus,1
rifingly,1
laving,1
easters,1
Calagione,1
Vigneronne,1
Weizenbier,1
Tolz,1
helbal,1
marakuja,1
WOWOWOW,1
maddog,1
petillance,1
schneiders,1
probé,1
balanceada,1
maltas,1
lúpulos,1
increíble,1
Gasificación,1
espress,1
kopis,1
choclatey,1
absud,1
subduded,2
Imparts,1
palete,4
butterfinger,1
farrrr,1
imbodies,1
Hollingsheads,1
pearlike,1
lambicity,1
surpriced,1
Intence,1
urugay,1
brery,1
wven,1
bitewith,1
Stonecloud,1
vinalla,1
Botledate,1
fonteinen,1
overwelming,1
Woww,1
holeshots,1
joeneugs,1
RIStoudt,1
Ummagum,2
kellerbier,1
tifosichris,1
brunes,2
brandys,1
entoxicating,1
chitted,1
priminent,1
cocophony,1
parsely,1
molassey,1
CANment,1
ChANged,1
CANlaborating,1
CANother,1
Cerveses,1
shizznit,1
ocCANurred,1
Pefect,1
Geman,1
IRSs,1
Westkust,1
Spigelau,1
pringly,1
greeat,1
OkasionalBeer,1
Basqueland,1
tulipa,1
sedosa,1
aportan,1
ciertamente,1
relativamente,1
afecte,1
Blackback,1
sloooow,1
deltatauhobbit,1
stanes,1
Dropt,1
haud,1
aboon,1
maith,1
uile,1
latha,1
snach,1
fhaic,1
cuireadh,1
chupa,1
thairis,1
slàinte,1
sonas,1
backnotes,1
snozzberry,1
gasosa,1
dankiness,1
JJJulius,2
Undoubtly,1
fzzy,1
deminishes,1
youy,1
ganbei,2
Oaked,4
Weyermann,1
FFFJunkie,1
barrelage,1
Mikeller,2
funkily,1
mrmiles,1
lemmony,1
struessel,1
Bewing,1
Weizenstarkbier,1
riseling,1
Albaycin,2
Almuñecar,2
GTOTMW,1
craggily,1
Potently,1
Bbbrighttt,1
northertimber,1
basterds,1
Piels,1
GWi,1
inCANtinence,1
pfeffernusse,1
peppernut,1
MeLikeBeer,1
johnmichaelsen,1
kegworks,1
aromatised,1
irishsnake,1
bif,2
Cheeser,1
dirnk,1
uniqie,1
Dogfishhead,2
restaraunt,1
MIchigan,1
undrinkably,1
WHAMMY,1
Trilllium,1
MNbeerhunter,1
combonation,1
verynice,1
yeAr,1
iBU,1
banannas,1
stoutlike,1
supreem,1
Caractère,1
Smotth,1
yesssssss,1
goden,1
annniversary,1
Yulesmith,1
scrumptiously,1
greenstick,1
NEBCo,1
Chugged,1
Sixtusabdij,1
whaffed,1
gormet,1
AtG,1
CANduct,1
CANsumed,1
aCAN,1
IIIIPA,1
Conmecticut,1
Sweettart,1
doulble,1
cyrusthepup,1
BellaVitano,1
Hoptical,1
tartish,1
Sensorik,1
chickman,1
Fatome,1
roting,1
UNADULTERATED,1
whitbier,1
aromasand,1
grian,1
Stickered,1
sleepnbballrlife,1
phaleslu,1
citrsuy,1
Funvitational,1
disspoint,1
epitomy,1
Sulldaddy,1
coems,1
quikly,2
comatosed,1
syngerize,1
falvors,1
molasass,1
Christams,1
ussually,1
burny,1
sweetwillyrolbar,1
deligh,1
stumptown,1
excpect,1
impess,1
substanial,1
toped,1
intesifies,1
distint,1
Raisonette,1
levanto,1
togetherA,1
carraway,1
conflux,1
narly,1
sturring,1
kabobed,1
cosmicly,1
Smellwise,1
chessy,1
tipico,1
achampanado,1
deliciosamente,1
lupulado,1
cesped,1
everlasating,1
pheonomenal,1
brux,1
liceous,1
beautimus,2
Raucbier,1
Clovey,1
Delicous,1
crescendoed,2
brewpup,1
toffy,1
alchem,1
undoubtedlty,1
bernardus,2
coverd,2
stricly,1
consistely,1
whem,1
sharpy,1
ahrp,1
Sixpoints,1
shpould,1
Unbroue,1
Kettlehouse,2
scathes,1
hottenroth,1
Deceanted,1
currrents,1
whithin,1
fonundation,1
blossum,1
mediumly,1
Moinette,4
korked,1
expalin,1
complely,1
artois,1
alwaysforever,1
gotdarndurnit,1
Waldos,1
orangepeel,1
fungusy,1
roggenbiers,1
rastal,1
eniticing,1
accompied,1
Tanins,1
acomplish,1
gueueze,1
clody,1
impecibly,1
mileu,1
pruny,2
Bierparadijs,1
gert,1
effevecent,1
thourough,1
reingnites,1
fastnesses,1
waystations,1
broubon,1
orangecicle,1
Beermageddon,2
pureé,1
Jamacain,1
Diiigg,1
Nummilicious,1
Westvleteran,2
eminating,1
aggrivate,1
permiates,1
Braumeister,3
BREWER,1
FANYTASIC,1
CANadian,1
exbeeriences,1
CHONKY,1
SafeSpace,1
Safeface,1
abraxas,5
TeXas,1
funktastic,1
DeaconBluez,1
Woodyness,1
masterpeace,1
bedt,1
outhere,1
Raspbarrel,1
tark,1
dissipitates,1
perculated,1
unbelieveably,2
separting,1
respectfull,1
sosphistication,1
subelty,1
impecable,2
Anjilanaka,1
accustoms,1
sSummer,1
Grannville,1
unsweeted,1
Lushly,1
grapefruitty,2
gumballhead,3
hevey,1
smouth,2
nither,1
feal,1
honered,1
plesher,1
HopDevil,1
yeilds,1
Bvld,1
gnvp,1
disintigrates,1
lovelly,1
donw,1
smootgh,1
graasy,1
shopuld,1
begian,1
fingernhead,1
orval,2
ipaish,1
opidome,1
recedsand,1
effervesence,3
stuffin,1
thicccc,1
VJP,1
mediumness,1
drenchable,1
Winterfish,1
cvschaller,1
thpugh,1
roundest,1
balananced,1
Mollasses,2
cantoulope,1
gollly,1
ellegant,1
nonics,1
Kassik,1
wamth,1
sipable,1
liquormax,1
molassis,2
cmplex,1
imagin,1
offfering,1
hopdevil,1
hodevil,1
Hopdevil,1
Tast,4
apv,1
Allstrom,1
Condenses,1
BigLove,2
Squashtacular,1
sqaush,1
EXEPTIONAL,1
flutish,1
grahamcracker,1
PvW,1
czoch,1
strwaberries,1
herbaciousness,1
Reminescent,1
Boombozz,1
considerng,1
odf,1
maghonany,1
Himmeriget,2
bodhizafa,1
Bodhizafa,2
popinski,1
degees,1
Prrrt,1
cherryness,1
jinkies,1
cloyingness,1
plesantly,1
Mahagony,1
ginourmous,1
drinability,2
BigEye,1
AlphaKing,1
Hdevil,1
Lienie,1
mineralstic,1
Cardoman,1
persauded,1
Fothy,1
Labyrinthine,1
soapwater,1
crittery,1
weays,1
DaPeculierDane,1
Herbel,1
Lowenbrau,1
yourefragile,1
hiiint,1
Cocodamia,1
Wildone,1
boooze,1
Aying,2
KANsas,1
OHara,1
hallertauer,1
CincyTrigger,1
taboot,1
matls,1
fizzels,1
minir,1
expext,1
cantellope,1
Bronzish,1
MMXVII,1
Oakworks,1
wobbley,1
Sierrra,1
Mackesons,1
derserves,1
masterhomebrewer,1
Omnipollos,1
HDHC,1
darkstar,1
hunas,1
slowy,1
dryhopped,1
TRUELY,1
REIDEL,1
Stemware,1
Magnificant,1
ddh,2
dires,1
desp,2
aftertasted,1
Kabert,1
dissaptes,1
moderatelace,1
stilll,1
Bluz,1
arketype,1
choolate,1
Monsone,1
Graininess,1
contructed,1
intrustion,1
Kzoo,1
tarnessa,1
comples,1
Trogner,1
foury,1
Goldstock,1
goldstock,1
picke,1
enjoyabe,1
Utopiah,2
unplaceable,2
Overwhelms,2
Wondeful,2
Jamima,1
chocoloate,1
hopsecutioner,1
pappaya,1
intermitent,1
dankest,2
XSperience,2
babybel,1
spirity,2
spinningly,1
creekbeds,1
chiggin,1
Pumpkinator,1
Rumpkinator,1
kegorator,1
doubleJ,1
Kanhsil,1
bittenerness,1
OTWOA,3
voodoos,1
opebing,1
influencedby,1
oney,1
discribe,1
alchohal,1
noticble,1
damed,1
eceptional,1
Channan,1
Definelty,1
resony,1
PCPB,1
demonesses,1
sweer,1
pwoods,2
ftownthrowdown,1
BeerAngel,1
depatment,1
Vobiscum,1
SDBW,1
Dwindled,1
citrucy,2
herbosity,1
incedibly,1
Uuuuugly,1
unabrasive,2
marnier,1
TEKU,1
execive,1
profie,1
vignerrone,1
unripen,1
believeable,1
Stoneyard,1
citru,2
particultes,1
remiscent,1
rapopoda,1
Liveliness,1
imonhiatus,1
moonglow,2
lowenbrau,1
copporish,1
deliciousy,1
seriosuly,1
marzenbier,1
brom,1
oktoberfestbiers,1
bombastically,1
Oboy,1
defintiely,1
EIWA,1
Hellfighter,3
dhr,1
balberts,1
unbelievableably,1
chococlate,1
IAmJacksHopTongue,1
TRIPA,1
DRIPA,1
appearancve,1
Bingitty,1
bangitty,1
poppitty,1
squuezed,1
perforates,1
pinsy,1
brettas,1
lactos,1
rowmark,1
chilles,1
sugarish,1
Wussie,2
incredibally,1
adjuct,1
LEaves,1
favorate,1
Vichtenaar,1
Phili,1
SLURP,1
btterness,1
nuetral,1
Pillowing,1
smoove,1
ageable,1
Raisinetes,1
hefeweisse,1
Weinhenstephaner,1
Belgianize,1
Germanizing,1
intence,2
amased,1
oceany,1
Devistator,1
fantasticly,1
pomegranite,1
Creammy,1
coffiest,1
repossesed,1
fruitsm,1
dunkles,1
kimd,1
reallemon,1
intenese,1
dabeel,1
Loquats,1
Shhfft,1
underthing,1
freakadelic,1
alicius,1
comforable,1
adjusta,1
diller,1
enconium,1
chadelier,1
penant,1
Grannysmith,1
stealthly,1
calibur,1
afschrijven,1
briljant,1
Heerlijk,1
singlecut,2
Ssssshhh,1
mjtiernan,1
inoculates,1
draak,1
EXCEPTIONALLY,1
TASTIC,1
fragerant,1
Aphrodisiaque,1
decadant,2
gelatto,1
lilliputian,1
Quebecker,1
fudginess,1
mpls,1
surlys,2
MRMOJORISIN,1
palamino,1
Absolutly,1
dopples,1
drdy,1
deliciouse,1
verzonical,2
freshberries,1
WoodBrew,1
saisonal,1
Narraganset,1
bloviate,1
Amberbock,1
DOGFISH,1
smewhat,1
leavs,1
Fizzies,1
cloudskipper,1
bgramer,2
potpurri,1
Medim,1
slightlty,1
TRIPPY,1
HAZIES,2
BLACKSTACK,2
PROJEKT,2
BRAVADO,1
THICCNESS,1
WILDNESS,1
THICC,1
PROJEKTED,1
frumunda,1
MODISTxBLACKSTACK,1
MODIST,1
Yeeeeah,1
hoP,4
Kascadian,1
CurtisMcArthur,1
Bighuge,2
COmplex,1
Predominates,1
bmc,1
SImcoe,1
Galatica,1
alcopop,1
Dlucky,1
earthiest,1
BBBBW,1
ffejherb,1
grolwer,1
Growlin,1
sinny,1
Thw,1
beeradvocacy,1
MADhombrewer,1
WitchesBrew,1
ddistributing,1
judkinst,1
Framinghammers,1
Pinaple,1
fallowed,1
discontiued,1
alchool,1
daylessness,1
whammed,1
overwhelmes,1
cetain,1
mixof,1
defininetly,1
trpoical,1
Deepers,1
smokie,1
Unbeleiveably,1
disipating,1
byut,1
highlihgts,1
dampe,1
apon,1
yeaty,1
grillin,1
stegmakk,1
reseeds,1
sessionalble,1
Saveon,1
balanceed,1
licoricey,1
meadowy,1
houblon,1
ranke,1
aferaste,1
characted,1
moderat,1
soflty,1
buubles,1
Fruet,5
HITTA,1
Gosé,1
delightully,1
Moxxe,1
Lewey,1
Saboe,1
Pekko,1
bassed,1
opauqe,1
Nitrogenation,1
sugarl,1
facetts,1
exeptional,1
silkily,2
characeristics,1
Kaggen,7
imperialking,1
Wespatrick,1
Impenetrably,1
pannepots,1
pannepot,1
Venon,1
brepub,1
eminates,1
followee,1
foofaa,1
Apperamce,1
vasinity,1
follewed,1
pumikin,1
southenr,1
persent,1
appples,1
subbtle,1
etected,1
kurant,1
niceley,1
suposta,1
quickley,1
disapers,1
pinical,1
skunkey,1
Mikerphones,1
Shawns,1
Farmsted,1
milkshaky,1
Dunt,1
DeMink,1
Yahn,1
angrybabbon,1
nondark,1
truey,1
VBDL,2
vitus,1
nightcapper,1
Kinsaki,1
Neutnigenough,1
Tatse,1
Johneee,1
Soberbia,1
envidiar,1
alemanas,1
ajustar,1
espuma,2
sobrecarbonatada,1
Bubblegummy,1
deepish,1
drinkabliity,1
limy,1
slurpability,1
Bierstube,1
rutger,2
fuscia,1
anywere,1
guickly,1
LACING,1
microbubbled,1
Enthused,1
Concussed,1
Contused,1
webbery,1
Glaurs,1
Theres,1
Yirgz,1
Wollner,1
scura,1
cappello,1
scuro,1
persistente,1
perlage,2
giungono,1
decise,1
maltatura,1
successivo,1
invecchiamento,1
Quindi,1
torba,1
padroni,1
sapori,1
vengono,1
riconfermati,1
leggera,2
acidità,1
prepotente,1
soprattutto,1
astringenza,1
riporta,1
persistenza,1
sapore,1
sensazionale,1
bicchiere,1
potrebbe,1
durare,1
meditazione,1
Consigliata,1
Grimbegen,1
morado,1
hecha,1
resultar,1
cabezona,1
peligrosamente,1
weldwerks,1
distrbution,1
expecations,1
geeksters,1
varianting,1
bubinga,1
reseda,1
wheatmalt,1
deepsouth,1
Yardhouse,1
holics,1
Fudgee,1
elcervecero,2
mouthffel,1
innis,1
disfrutable,1
compańia,1
ecellent,1
pocking,1
difinitely,1
Hojaminbag,1
brewdan,1
liqeur,1
unfreaking,1
brewslut,1
yinzer,1
oakynes,1
Salivating,1
pased,1
Yinzer,1
barage,1
gruyer,1
tuplip,1
inticing,1
heavyness,1
fuckn,1
Maltier,1
ceral,1
hoppedup,1
samck,1
Hunahpoopoo,1
smicoe,1
subduedbecause,1
caskmates,1
Caskmates,1
NvU,1
fromboise,2
zizzle,1
coocnut,1
AmaZing,1
Goldish,1
NightTime,1
Pouerd,1
Porsit,1
charicteristics,1
touchh,1
brewary,1
surprinsingly,1
collabration,1
Tremmens,1
rippened,1
RareR,1
Hammeheart,1
sweel,1
aled,1
twizzler,1
Drinkiability,1
Stickyness,1
extremley,1
WONF,1
afterbreath,1
yb,1
thebeers,1
Affilgem,1
finewinemike,1
CBUS,1
phenomenol,1
Andygator,1
sweetnesses,1
BIg,2
brerwed,1
overroasted,1
Susdog,1
Mirky,1
curtians,1
nostrills,1
peety,1
aniversary,1
Kachur,1
Lenikugel,1
botlle,1
rvdoorn,1
Bierhuis,1
ligth,1
PLeasant,1
comare,1
smoooooth,2
Earthmonk,1
DWIPA,1
Satchboogie,1
cardonation,1
Lambik,2
tinypyramids,1
mirengue,1
efferscence,1
spon,1
mnedium,1
termperatures,1
cloved,1
artificialness,1
sruff,1
Frankensteined,1
riverlands,1
PROST,2
eespecially,1
taset,1
Biermarket,1
sizzly,1
Stranahans,1
Daanen,1
exquisitly,1
dopple,1
Athough,1
cowberry,1
cowberries,1
SNBF,1
swilled,1
tommyguz,1
regualr,1
TrimTab,1
feh,1
ANYway,1
plently,1
tadcaster,1
grahm,2
sised,1
Carft,1
sewwt,1
thomashardy,1
Seaoflament,1
puckerness,1
shelfie,1
trevorjk,1
beerbuddy,1
pitchblack,1
pvw,1
JayORear,1
Shaqs,1
Whoooaaa,1
ANTICS,1
juiceyness,1
manderine,1
beeryness,1
yummalishious,1
Velvity,1
pinyness,2
FFPA,1
whoe,1
quaffalbe,1
seemd,1
refershing,1
Breadlike,1
candyis,1
Hellertau,1
maudite,1
colorresulted,1
distinctinve,1
SMOOOTH,2
RBWG,1
splush,1
hezelnuts,1
bubblies,1
Layup,1
STINYK,1
SHUD,1
YOILTERT,1
PEEEEEEEEEEEHEWWWWWWWWWWWWWW,1
Braaaiins,1
Shrivels,1
supoorted,1
Deceided,1
Blabaer,1
cherried,1
tghis,1
aboslutly,1
conistent,1
dacquiris,1
fruitcopia,1
maltey,1
BOTG,1
Painseville,1
inspring,1
predominent,1
Sweetnes,1
firewoks,1
Toffifay,1
adjuncted,1
feve,1
seex,1
creaping,1
Horehound,1
rishing,1
colow,1
fruty,1
hopsrus,1
zhukov,1
BeerZareGewd,1
tangelos,2
Decicco,1
basebox,1
Basebox,1
BBBM,1
hopyard,1
minocqua,1
koz,1
TheDudeRules,1
sliiight,1
cloudish,1
mostley,1
devopled,1
selcetions,1
Hopslams,1
Bdige,1
ssure,1
barcade,1
Snekks,1
piraate,1
PSSSSSSSSing,1
kkipple,1
SpdKilz,1
sprnig,1
Fidens,1
dogfooddog,1
Stormaktsporter,2
Thickest,1
stoooone,1
chewin,1
drinkableness,1
iPA,1
ecclectics,1
wanaque,1
umf,1
Akkurat,1
indictor,1
Quenches,1
sugery,1
hazenut,1
hazenuts,1
Yearns,1
maltzilla,1
Mamouche,1
Gorgerous,1
SUper,1
HHHazeee,1
GGGreennn,1
Hones,1
ingridents,1
Headzo,1
Habenero,1
Bexon,1
Deceivingly,1
recomment,1
Dvuel,1
nuiances,1
droom,1
lushes,1
moufthfeel,1
foooorrrward,1
ppercornes,1
disspates,1
gorcery,1
creedence,1
mohoganny,1
Enticingly,1
demoniacal,1
pinee,1
arthy,1
Phenomonal,1
yeastiest,1
rockiest,1
Craftgeer,1
friggan,1
haterade,1
Pinapple,1
maß,1
jtrockchalk,1
Reiminscent,1
seaks,1
goooooood,1
tAsted,1
RudyLaw,2
overtrading,1
tastebud,1
afficianado,1
frightengly,1
annincredible,1
WREEKS,1
tavel,1
voluptious,1
Borned,1
bevmo,1
Interton,1
poppingly,1
XOCOVEZA,1
fantasic,1
ehhhh,1
wayy,1
JAHMUR,1
Oade,1
Dreamyard,1
contridiction,1
uncapping,2
stonger,1
hinys,1
delightfulness,1
Wetpaperbag,1
Fizzled,1
elipse,1
Langunitas,1
cantaloop,1
iller,1
Cantaloop,1
paque,1
easist,1
lfruityness,1
aprevious,1
foncée,1
Apparence,1
attirante,1
arômes,1
évidents,1
lourdeur,1
breuvage,1
Péché,1
Subtilité,1
saveurs,1
compléter,1
Exceptionnel,1
inaperçu,1
Snale,1
nonhazy,1
Truillium,1
cheyy,1
vnnilla,1
swwetness,1
stylr,1
progessed,1
smeels,1
ghandi,1
BMFR,1
Tizzod,1
Spoetzl,1
FANtastic,1
toasti,1
bmanning,2
Azurelimits,1
hhanson,1
servces,1
Tge,1
delites,1
MOLY,1
coffle,2
plumplly,1
Jeager,1
sledgehammered,1
faulter,1
cherr,1
Botanticals,1
Hoowah,1
sunky,1
telejunkie,1
brewrey,1
uniqiue,1
SkinnyElvis,1
revisting,1
sulpherous,1
volcanous,1
saisonishness,1
connoissuers,1
dallop,1
Lathered,1
bbbles,1
atainable,1
caffein,1
pumpkinator,1
Manoftyr,1
Treeat,1
Bucketboy,1
intead,1
Hopsmack,1
torrefact,1
Absofreakingloutley,1
Tygsborro,1
boozieness,1
beerware,1
submarined,1
exposion,1
extreamley,1
purfict,1
excoted,1
Oranj,1
undetecteable,1
souvenier,1
jrallen,1
incadescent,1
Languishing,1
rochfort,1
wawwww,1
Lomaland,1
Eichbaum,1
Naughiem,1
DRINKABLE,1
bierhaus,1
hasnt,1
Tamuras,1
bacl,1
hoposphere,1
necture,1
compactedly,1
intreging,1
midaway,1
efing,1
brettanomyce,1
Wäls,2
bittled,1
lesa,1
Wishit,1
DeRat,1
corsendonk,2
egges,1
Vanill,1
Afterfinish,1
Likey,1
Biglove,1
Starbux,1
funkadelisized,1
memorabia,1
currrent,1
jasonm,1
ordinairy,1
timberwoody,1
BAHB,1
rigns,1
downt,1
predomintly,1
Rotund,1
BCVBS,1
weis,1
excately,1
expexct,1
bjg,1
thjs,1
viscious,1
cheeries,2
refereshing,2
heas,1
reublic,1
necartine,1
downsliding,1
Amensiac,1
canoli,1
Zendcon,1
huuuuuge,1
materpiece,1
Pleeease,1
gamboge,2
DESPISES,1
nesquick,1
sourtaste,1
alchoholic,1
gladdening,1
CANtention,1
coquettes,2
CANducting,1
CANfess,1
cantillons,1
Freshchester,1
cascadw,2
Troublette,1
twinged,1
totoropanda,1
saoked,1
Recomend,1
spelndid,1
espies,1
oranmge,1
hopsack,1
Verdic,1
descipated,1
helldorado,1
cloveyness,1
RBSG,2
inducingly,1
Bcbcs,1
MuddyFeet,1
daaaang,1
dilicious,1
Frapacino,1
oard,1
weriously,1
Ultimatly,1
occations,1
fibery,1
charedoak,1
Billolick,1
Disputin,1
Powerfull,1
barleywinebrewer,1
swet,1
Butterey,1
servered,1
slighlt,1
Champange,2
braunschwieger,1
rerate,1
loroco,1
PaulMPap,1
sitll,1
waffing,1
Seirra,1
yoohoo,1
YOOHOO,1
merky,1
DovaliHops,1
Birrote,1
Lleno,1
litros,1
tragos,1
largos,1
autumnaldave,1
GABFs,1
darnkess,1
supurb,1
GBot,1
Laguintas,1
ovet,1
somehwhat,1
sappier,1
Mouthcoating,1
pokesbeerdude,1
cocunut,1
coyingly,1
gasthauses,1
Liederhosen,1
schiza,2
DOPPLEROCK,1
HardTarget,1
dallies,1
flavorable,1
OHs,1
Orangy,1
possiable,1
balancend,1
Brouweij,1
Turbock,1
winterbier,1
mineralish,3
flitters,1
Incrediblely,1
Phingdong,1
Pineappple,1
almuerzo,2
filetes,1
empanado,1
Sobresaliente,1
salino,1
mezcla,1
frutas,1
manzana,1
atusbo,1
tipicas,1
desagradables,1
suelen,1
pega,1
aspecto,1
unfilling,1
DEFIANTLY,1
perfectlt,1
Novemver,1
Reved,1
jjj,1
thickess,1
AAAGGGHHH,1
Friut,1
compareson,1
Sierrags,1
Yeties,1
pummelo,1
Altough,1
speedwayjim,1
savorable,1
certeza,1
rótulos,1
trapistas,1
Bélgica,1
consideração,1
maneiras,1
degustá,1
garrafa,1
possui,1
marcante,1
pressão,1
aromática,1
equilibrada,1
defeitos,1
sinto,1
tenha,1
criticar,1
apontar,1
cumprido,1
rótulo,1
sensacional,1
PERB,1
stouties,1
ensaladilla,1
jacobos,1
macarrones,1
sorpresa,1
recordado,1
lupulada,1
Naparbier,1
gratos,1
tenia,1
coloRADo,1
estucerveza,1
kentish,1
alefruity,1
Xumbi,1
chocolattely,1
Citralaxy,1
rindlike,1
BItter,1
Mouthfeeel,1
sublety,1
Mothfeel,1
HAZY,1
Khalua,1
ahalloin,1
Blackpepper,1
Shitload,1
jjjjjjuuuiiiicccceeee,1
growlier,1
Warpigs,1
backnote,1
grodziskie,1
Fitgers,1
zety,1
muche,1
Carbonaton,1
Smooooove,1
congnizant,1
appatizer,1
Reccommendation,1
HopasaurusRex,1
Intoxicatingly,1
cokles,1
afteward,1
Zwickl,1
Burbon,1
insubstatial,1
apricotcopper,1
Shangy,1
Boyking,1
colured,1
gpblet,1
morita,1
macéréset,1
SanFran,1
Czoch,1
almondy,1
Purcahsed,1
realtively,1
chocholate,1
sinfter,1
BIf,1
addorned,1
Tinges,1
heavn,1
JeepPuff,1
Grrreat,1
hellava,1
BartS,1
almightiness,1
humulus,2
LongBeach,1
retaste,1
invigotate,1
StL,1
rushmore,1
fizzie,1
SIPPING,1
assult,1
ncie,1
jcdiflorio,2
NOBama,1
effevescense,1
Dankiness,1
strongs,1
speckld,1
funy,1
nomnomnom,1
mistakable,1
Wowowow,1
abanton,1
wohaa,1
superrr,1
unnotices,1
bubblegums,1
Bigfoots,1
Bigfeet,1
tastily,1
maltified,1
shuss,1
caromel,2
Maximator,1
nobelity,1
Willibecker,1
envitingly,1
Schweinshaxn,1
spätzle,1
veiwpoint,1
McThals,1
duchese,2
attainabity,1
oznr,1
Pishshaw,1
residuel,1
swirlingly,1
LHBS,1
buyrite,1
BigHugey,1
Keggerator,1
cornecopia,1
noticieable,1
Ktreva,2
citirc,1
SOo,1
IIIPAs,1
Stlye,1
Duing,1
aproachable,1
Ceramy,1
availbale,1
apprizingly,1
appetizingly,1
lamvinus,1
HeavySeas,1
HeavySeasBeer,1
CraftBeer,1
goelden,1
tonts,1
verty,1
Mindbogglingly,1
winesque,1
Zinfendel,1
thselves,1
idgaf,1
purfock,1
unoppressive,1
Diacteyl,1
burgungy,1
wuth,1
HOPSMACK,1
yaaaa,1
purplelish,1
avel,1
Doopie,1
softish,1
Beermania,1
sligtly,2
Effervecent,1
Barest,1
PintofAle,1
longy,1
fitzs,1
Phosphene,3
Funkier,1
MASPuros,1
mirangue,1
berris,1
geuezy,1
bloaty,1
mrkanable,1
beerloco,1
atractability,1
carbonnade,1
Technobabylon,1
Hopt,1
Impresionante,1
adictivo,1
birras,1
beberla,1
resistirse,1
encantos,1
transluscence,1
longswords,1
YooHoo,1
Gnuppets,1
gorgrous,1
purpled,1
prosit,1
chambord,1
throatwarming,1
Northerntimber,1
packy,1
Whammo,1
bergundy,1
endulge,1
teriffic,1
orific,1
Xlperro,2
xlperro,1
Bershire,2
samplin,1
McDuffy,1
Gearys,1
idenified,1
Wolavers,1
fancily,1
unpinnings,1
lucullan,1
lovermont,1
Roiling,1
Carmalized,1
niced,1
westcoast,1
orangerind,1
Westvleterens,1
Stickee,2
Chocalate,1
Sucaba,2
Beullton,1
Brynildson,1
whiite,1
LEES,1
equisite,1
trynig,1
quava,1
dematerializes,1
pssst,1
acccent,1
acedic,1
vigourously,1
resemblences,1
liquory,1
acheivement,1
Brandished,1
speiglue,1
Hrathgar,1
flavas,1
jlindros,2
bubnly,1
delisous,1
rosted,2
chocolete,1
enevitable,1
alchohalic,1
Nooner,3
Berliener,2
driet,1
sweettartness,1
boozines,1
Fullsteam,1
fuity,1
aroams,1
zippyness,1
oand,1
Pennylane,1
BIMART,1
slowley,1
flovour,1
Unfortunatley,1
definant,1
congacs,1
immpeccable,1
serveed,1
approacable,1
Wisping,1
thisa,1
anperfect,1
hopsleeroy,1
Acidifie,1
tyle,1
dangit,1
strenth,1
sotch,1
Verrmont,1
sezt,1
discression,1
unpleseant,1
cavedave,1
folllows,1
Jetsbeer,1
frambroise,1
dbawd,1
dbwad,1
WasTrinkenSie,1
neverendingly,1
Deeee,1
Suprisibgly,1
atowering,1
receeding,1
ORIRS,1
everclear,1
nieghbor,1
desceptively,1
mealiness,1
opaquer,1
rizing,1
hesititation,1
penatrating,1
apparence,1
Birter,1
fister,1
twistie,1
baclk,1
WHoa,1
warmimg,1
marvins,1
cromulent,1
embiggening,1
Ralphius,1
quadrupels,1
Kostritzer,2
Tricerahops,1
tizzod,1
similarin,1
filterted,1
mintyness,1
daated,1
NOTB,1
aprocot,1
Pbr,2
Ludicrously,1
Redolent,1
permawants,1
BWIL,1
schozzola,1
JZeilinger,1
luxardo,1
DmanGTR,1
bours,1
zwanze,1
itlsit,1
Smoothe,1
connossieur,1
eeking,1
chokingly,1
baconsausage,1
jbwimer,1
HEYYYY,1
davidsoul,1
gigantenourmous,1
Imperail,1
mmmmmmazing,1
Hoperations,1
AIIPA,1
Hophead,1
hoperations,1
candlepin,1
NbThis,1
puertorrican,1
Sextuppel,1
Kkottonmouthkngz,1
Nutulhu,1
Degustation,1
Spalter,1
Borefts,1
Recomended,1
Beerookie,1
hazys,1
marroon,1
hormonious,1
smooothe,1
Japense,1
wiskey,1
houseparty,1
forray,1
ghod,1
Weinstephan,1
Franziskan,1
arkens,1
ñacine,1
Availalbe,1
blacky,1
beerandraiderfan,1
exceptioanl,1
wininess,1
driness,1
bstyle,1
Acidulated,1
Bittered,1
caramelv,1
Unibrou,1
tatstes,1
describd,1
tatste,1
Beersack,1
grittyness,1
Chatoe,1
Absoutlely,1
belnding,1
proabily,1
watn,1
swtich,1
momentus,1
fruiti,1
Longshots,1
surgars,1
alcy,1
Thimbleweed,1
balnket,1
OOHH,1
WEEEE,1
Scofflaw,2
OakedCanuck,1
whiddled,1
Sludgy,1
HUNNITS,1
LIQUORICE,1
HALP,1
effervecence,1
barrelaged,1
islay,1
Budwiser,1
walloon,1
Tooo,1
